-- phpMyAdmin SQL Dump
-- version 4.8.3
-- https://www.phpmyadmin.net/
--
-- Host: 127.0.0.1
-- Waktu pembuatan: 02 Sep 2018 pada 10.40
-- Versi server: 10.1.35-MariaDB
-- Versi PHP: 7.1.21

SET SQL_MODE = "NO_AUTO_VALUE_ON_ZERO";
SET AUTOCOMMIT = 0;
START TRANSACTION;
SET time_zone = "+00:00";


/*!40101 SET @OLD_CHARACTER_SET_CLIENT=@@CHARACTER_SET_CLIENT */;
/*!40101 SET @OLD_CHARACTER_SET_RESULTS=@@CHARACTER_SET_RESULTS */;
/*!40101 SET @OLD_COLLATION_CONNECTION=@@COLLATION_CONNECTION */;
/*!40101 SET NAMES utf8mb4 */;

--
-- Database: `api_project`
--

-- --------------------------------------------------------

--
-- Struktur dari tabel `migrations`
--

CREATE TABLE `migrations` (
  `id` int(10) UNSIGNED NOT NULL,
  `migration` varchar(191) COLLATE utf8mb4_unicode_ci NOT NULL,
  `batch` int(11) NOT NULL
) ENGINE=InnoDB DEFAULT CHARSET=utf8mb4 COLLATE=utf8mb4_unicode_ci;

--
-- Dumping data untuk tabel `migrations`
--

INSERT INTO `migrations` (`id`, `migration`, `batch`) VALUES
(1, '2014_10_12_000000_create_users_table', 1),
(2, '2014_10_12_100000_create_password_resets_table', 1),
(3, '2018_09_02_061216_create_products_table', 1),
(4, '2018_09_02_064816_create_reviews_table', 1);

-- --------------------------------------------------------

--
-- Struktur dari tabel `password_resets`
--

CREATE TABLE `password_resets` (
  `email` varchar(191) COLLATE utf8mb4_unicode_ci NOT NULL,
  `token` varchar(191) COLLATE utf8mb4_unicode_ci NOT NULL,
  `created_at` timestamp NULL DEFAULT NULL
) ENGINE=InnoDB DEFAULT CHARSET=utf8mb4 COLLATE=utf8mb4_unicode_ci;

-- --------------------------------------------------------

--
-- Struktur dari tabel `products`
--

CREATE TABLE `products` (
  `id` int(10) UNSIGNED NOT NULL,
  `name` varchar(191) COLLATE utf8mb4_unicode_ci NOT NULL,
  `detail` text COLLATE utf8mb4_unicode_ci NOT NULL,
  `price` int(11) NOT NULL,
  `stock` int(11) NOT NULL,
  `discount` int(11) NOT NULL,
  `created_at` timestamp NULL DEFAULT NULL,
  `updated_at` timestamp NULL DEFAULT NULL
) ENGINE=InnoDB DEFAULT CHARSET=utf8mb4 COLLATE=utf8mb4_unicode_ci;

--
-- Dumping data untuk tabel `products`
--

INSERT INTO `products` (`id`, `name`, `detail`, `price`, `stock`, `discount`, `created_at`, `updated_at`) VALUES
(1, 'et', 'Illum sit est eos. Doloremque provident et dicta libero sit. Sapiente sunt voluptatum nemo cum animi.', 895, 9, 28, '2018-09-02 01:18:35', '2018-09-02 01:18:35'),
(2, 'autem', 'Qui impedit quia alias iste saepe eos asperiores. Iusto voluptatem libero sed accusantium vel minus. Id enim dolores id voluptas minima sed voluptas. Voluptatem fugit quia et quam ipsa quam.', 631, 7, 9, '2018-09-02 01:18:35', '2018-09-02 01:18:35'),
(3, 'nulla', 'Omnis velit veritatis qui soluta officia. Dolorum beatae vel nihil aut sed repellat alias qui. Reprehenderit tempora doloribus rerum placeat repellendus.', 170, 4, 14, '2018-09-02 01:18:35', '2018-09-02 01:18:35'),
(4, 'aut', 'Quibusdam nam voluptatem dolorem quo deserunt architecto eum. Cumque quisquam harum quia rerum ut quos totam. Error quo est illum optio quia.', 838, 7, 15, '2018-09-02 01:18:35', '2018-09-02 01:18:35'),
(5, 'fuga', 'Velit voluptas sint ad ducimus et consequatur. Magni id maiores omnis qui animi rerum est assumenda. Ipsa eos labore quas temporibus explicabo. Laudantium recusandae deleniti et totam voluptas deleniti et.', 774, 9, 14, '2018-09-02 01:18:35', '2018-09-02 01:18:35'),
(6, 'et', 'Omnis et totam quibusdam et qui. Placeat voluptas occaecati enim cum ea aperiam. Dolores voluptatem voluptate pariatur iusto officiis nostrum. Est et sequi rem odio ipsa quia.', 645, 6, 6, '2018-09-02 01:18:35', '2018-09-02 01:18:35'),
(7, 'molestiae', 'Qui delectus iure quas aliquid quo. Laudantium eaque pariatur eum dolore quas exercitationem voluptatem. Repudiandae atque aliquam est accusantium tempore quis.', 976, 1, 30, '2018-09-02 01:18:35', '2018-09-02 01:18:35'),
(8, 'ipsa', 'Soluta excepturi temporibus omnis dolor. Vel aliquid nobis unde in exercitationem quo aut eum. Rerum nemo autem rerum voluptas. Enim qui excepturi blanditiis sed repudiandae quisquam.', 108, 6, 24, '2018-09-02 01:18:36', '2018-09-02 01:18:36'),
(9, 'eos', 'Laborum minima recusandae accusamus aliquid minus adipisci libero nesciunt. Veniam repudiandae qui eos dolores voluptates delectus et. Odit officia dolor quod veniam.', 940, 7, 11, '2018-09-02 01:18:36', '2018-09-02 01:18:36'),
(10, 'temporibus', 'At aut ab in qui ipsum facere. Error maiores ut ex dolore sit voluptatem iusto. Alias consequatur ut cumque aut non. Reprehenderit vel eum eos suscipit iure laboriosam aut.', 458, 5, 6, '2018-09-02 01:18:36', '2018-09-02 01:18:36'),
(11, 'ut', 'Commodi velit qui ut ut ut impedit. Eos assumenda explicabo repellat architecto dolor sed. Dignissimos autem voluptatem recusandae odit debitis consequatur impedit. Laudantium doloremque placeat rerum eos sed.', 730, 9, 9, '2018-09-02 01:18:36', '2018-09-02 01:18:36'),
(12, 'qui', 'Aut praesentium quaerat mollitia aspernatur aut nulla quo. Consectetur et placeat blanditiis officia impedit dolores voluptatem. Distinctio excepturi consequatur ut laborum.', 403, 7, 22, '2018-09-02 01:18:36', '2018-09-02 01:18:36'),
(13, 'adipisci', 'Incidunt provident numquam omnis doloribus dolor eveniet quod qui. Ea fugiat eveniet labore sit accusamus quae.', 783, 1, 22, '2018-09-02 01:18:36', '2018-09-02 01:18:36'),
(14, 'et', 'Sed voluptatibus ut illum voluptatibus voluptates voluptatibus. Placeat veritatis autem soluta voluptatum libero repellat. Quas dolorem esse sed sequi sequi recusandae velit. Fuga dolor rem aut ut at.', 451, 6, 24, '2018-09-02 01:18:36', '2018-09-02 01:18:36'),
(15, 'neque', 'Aliquid est et et exercitationem sed in eius. Maiores placeat laboriosam dolore dicta. Veritatis quidem ducimus doloremque autem.', 518, 2, 18, '2018-09-02 01:18:36', '2018-09-02 01:18:36'),
(16, 'dolores', 'Aperiam ut architecto asperiores asperiores pariatur quo fugiat veniam. Occaecati optio dignissimos sint exercitationem atque consectetur dolor sint. Aut molestiae accusamus totam debitis dolore alias tempora dignissimos.', 198, 1, 18, '2018-09-02 01:18:36', '2018-09-02 01:18:36'),
(17, 'et', 'Omnis natus non nihil tenetur. Quis deserunt officiis est rerum sit. Voluptates rerum pariatur expedita rerum sed.', 245, 6, 29, '2018-09-02 01:18:36', '2018-09-02 01:18:36'),
(18, 'iusto', 'Rem quia iste delectus id sed dolorem. Laboriosam sequi voluptatem et non accusamus mollitia accusantium. Dolorem accusamus et sunt impedit tempora reiciendis occaecati. Qui est sed explicabo laboriosam eum.', 714, 0, 13, '2018-09-02 01:18:36', '2018-09-02 01:18:36'),
(19, 'delectus', 'Praesentium voluptas eveniet vitae et ad veniam molestias. Et voluptas ipsa maiores aspernatur et natus fuga. Repudiandae harum veniam culpa eos et et. Quae quod sunt beatae assumenda rerum magni iure.', 696, 6, 11, '2018-09-02 01:18:36', '2018-09-02 01:18:36'),
(20, 'suscipit', 'Sit sed amet voluptas at fugiat. Tempore necessitatibus fugiat enim sed.', 213, 8, 19, '2018-09-02 01:18:36', '2018-09-02 01:18:36'),
(21, 'repudiandae', 'Eum temporibus necessitatibus tenetur laudantium quia autem. Quo porro voluptatem enim rerum consequatur optio. Quasi voluptas blanditiis eveniet pariatur veritatis.', 377, 9, 6, '2018-09-02 01:18:36', '2018-09-02 01:18:36'),
(22, 'consequatur', 'Facere eum natus aut impedit quae. Tempora et repellendus vero. Excepturi maxime quia qui dolore quibusdam at quia.', 369, 9, 12, '2018-09-02 01:18:36', '2018-09-02 01:18:36'),
(23, 'iusto', 'Et modi odit nemo quia dolores voluptates. Doloremque at est at eveniet animi odio voluptatibus in. Ut velit facilis voluptas repellat blanditiis sequi vitae sed.', 585, 1, 19, '2018-09-02 01:18:36', '2018-09-02 01:18:36'),
(24, 'quisquam', 'Deserunt iste repellendus sit est sit. Natus molestiae praesentium corrupti eum id. Libero vel inventore sint.', 646, 2, 8, '2018-09-02 01:18:36', '2018-09-02 01:18:36'),
(25, 'velit', 'Perspiciatis quia autem accusantium vero amet. Eum nobis velit ipsum sed et occaecati dolorem.', 329, 9, 30, '2018-09-02 01:18:36', '2018-09-02 01:18:36'),
(26, 'impedit', 'Nihil ut ea et. Vitae sed debitis sed autem quis. Vero quas cum minus eum commodi. Incidunt quia illo unde beatae.', 327, 8, 16, '2018-09-02 01:18:36', '2018-09-02 01:18:36'),
(27, 'architecto', 'Numquam laborum iusto atque sequi a. Quas magnam expedita doloribus nemo qui.', 853, 7, 28, '2018-09-02 01:18:36', '2018-09-02 01:18:36'),
(28, 'est', 'Iusto est illum rerum iste eveniet exercitationem. Omnis tempora aliquam sunt ex recusandae. Libero harum qui cum quia voluptatem. Eum vero quo aut praesentium sint officiis. Laudantium et veniam dolores velit adipisci inventore.', 227, 9, 28, '2018-09-02 01:18:36', '2018-09-02 01:18:36'),
(29, 'veniam', 'Cum optio totam reiciendis dolor sed. Repellendus nulla iste voluptates est illo voluptas tenetur harum. Quia ut sint sit amet.', 163, 4, 30, '2018-09-02 01:18:37', '2018-09-02 01:18:37'),
(30, 'esse', 'Quibusdam asperiores qui ad. Est dolorem molestiae saepe ratione eum enim. Hic sint voluptatem dolores quas. Ut hic voluptate consequuntur quidem quibusdam culpa est.', 350, 0, 9, '2018-09-02 01:18:37', '2018-09-02 01:18:37'),
(31, 'dolor', 'Minima quo ut non officia perferendis. Est doloremque illo aut quas aut eum fuga quidem. Quae corporis corrupti ipsum nihil omnis laudantium.', 587, 5, 16, '2018-09-02 01:18:37', '2018-09-02 01:18:37'),
(32, 'ut', 'Doloremque hic consectetur quia inventore ad. Nemo nihil et quis beatae autem. Distinctio eos velit et ipsum officia.', 861, 8, 9, '2018-09-02 01:18:37', '2018-09-02 01:18:37'),
(33, 'in', 'Incidunt qui et quod quo quia quod. Esse consequatur explicabo qui quod. Voluptatibus ea voluptate fugit quas a esse. Illum adipisci consequatur nulla.', 173, 7, 24, '2018-09-02 01:18:37', '2018-09-02 01:18:37'),
(34, 'velit', 'Numquam sint distinctio voluptas nam nemo. Nobis quaerat consequuntur sint ut aut. Tenetur odit omnis commodi reprehenderit. Iusto nesciunt aspernatur enim ab impedit et.', 700, 4, 16, '2018-09-02 01:18:37', '2018-09-02 01:18:37'),
(35, 'voluptatem', 'Nam occaecati corrupti earum animi iste similique. Incidunt facere possimus non. Voluptate et sed sunt necessitatibus ut.', 233, 7, 23, '2018-09-02 01:18:37', '2018-09-02 01:18:37'),
(36, 'quis', 'Eum ratione voluptates et vel aut sunt ut. Qui consequuntur dolorum commodi neque quasi pariatur provident cumque. Ipsum harum sequi quibusdam quia hic possimus provident odit.', 200, 1, 24, '2018-09-02 01:18:37', '2018-09-02 01:18:37'),
(37, 'accusamus', 'Cum dignissimos dicta ex in quos. Atque non deleniti illo aperiam incidunt rerum consequatur. Sint eum iure tenetur a.', 815, 9, 10, '2018-09-02 01:18:37', '2018-09-02 01:18:37'),
(38, 'aut', 'Consequatur commodi non qui et. Voluptatem et id quia sequi. Qui aspernatur necessitatibus adipisci animi facilis tempora ipsum rerum. Cumque quia corporis nobis laboriosam. Rerum soluta incidunt dignissimos dolores labore unde dolorum.', 746, 0, 11, '2018-09-02 01:18:37', '2018-09-02 01:18:37'),
(39, 'qui', 'Similique tempora dolore quia. Dicta et voluptatum omnis officiis ut voluptatem ab. Debitis odio et rerum iste dicta eum. Placeat nihil recusandae adipisci nesciunt.', 707, 3, 9, '2018-09-02 01:18:37', '2018-09-02 01:18:37'),
(40, 'provident', 'Ea asperiores est dolores cumque delectus. Amet non officia qui rerum rerum. Iusto voluptate eum enim consectetur tempora doloremque. Aspernatur nihil et veniam culpa illo sit fuga.', 605, 4, 30, '2018-09-02 01:18:37', '2018-09-02 01:18:37'),
(41, 'dolorem', 'Vel omnis aliquid error nihil quia qui debitis provident. Sed minima voluptas nulla commodi molestias. Adipisci ipsam explicabo omnis culpa.', 667, 6, 4, '2018-09-02 01:18:37', '2018-09-02 01:18:37'),
(42, 'dolorem', 'Quisquam quas itaque ullam cum. Consequatur architecto quo omnis accusamus explicabo sit vel. Consequatur et fugit aut. Architecto molestias totam eos aut qui aspernatur enim explicabo.', 346, 6, 4, '2018-09-02 01:18:37', '2018-09-02 01:18:37'),
(43, 'sequi', 'Sed unde vero perferendis et ut. Harum id dolor deserunt repudiandae. Adipisci soluta voluptas sapiente porro.', 703, 9, 14, '2018-09-02 01:18:37', '2018-09-02 01:18:37'),
(44, 'accusantium', 'Et nihil nihil facere ut consectetur alias corporis. Et nihil et voluptates tenetur ex consequatur excepturi. Nihil sed explicabo ipsa voluptate rerum aliquid non. Molestiae velit animi magni nemo rerum.', 747, 4, 23, '2018-09-02 01:18:37', '2018-09-02 01:18:37'),
(45, 'ducimus', 'Reprehenderit omnis debitis nesciunt saepe et est et ex. Omnis ullam officia voluptate non sint at. Architecto similique blanditiis corrupti sed provident ut et.', 786, 2, 30, '2018-09-02 01:18:37', '2018-09-02 01:18:37'),
(46, 'ad', 'Quo et dolor perspiciatis ipsa architecto est nemo. Dignissimos aut nostrum aliquid quis repellat. Est aliquam in totam quam odit sunt ad. Possimus consectetur laborum quia molestiae impedit omnis minima. Veritatis vitae mollitia qui voluptas quidem amet excepturi.', 647, 1, 22, '2018-09-02 01:18:37', '2018-09-02 01:18:37'),
(47, 'consequatur', 'Repellendus et nihil hic quia officia aut. Incidunt beatae dicta cum neque sed asperiores. Id asperiores numquam dolor aut distinctio. Ducimus voluptas minima officiis esse praesentium eos repellat. Porro vero sunt quo.', 204, 2, 9, '2018-09-02 01:18:37', '2018-09-02 01:18:37'),
(48, 'facere', 'Et blanditiis quos fugit laborum consequuntur. Eius amet a et. Quasi consectetur possimus et possimus deleniti culpa qui.', 477, 2, 7, '2018-09-02 01:18:37', '2018-09-02 01:18:37'),
(49, 'provident', 'Autem voluptas voluptatem minima architecto rerum aut odit. In non aut vitae natus similique excepturi sed. Nostrum tempora reprehenderit nihil quo. Occaecati qui suscipit ut id.', 157, 3, 23, '2018-09-02 01:18:38', '2018-09-02 01:18:38'),
(50, 'qui', 'Sit quis quia voluptatem ut. Qui similique vero omnis ratione quia suscipit. Nesciunt est temporibus voluptatem et.', 965, 3, 25, '2018-09-02 01:18:38', '2018-09-02 01:18:38');

-- --------------------------------------------------------

--
-- Struktur dari tabel `reviews`
--

CREATE TABLE `reviews` (
  `id` int(10) UNSIGNED NOT NULL,
  `product_id` int(10) UNSIGNED NOT NULL,
  `customer` varchar(191) COLLATE utf8mb4_unicode_ci NOT NULL,
  `review` text COLLATE utf8mb4_unicode_ci NOT NULL,
  `star` int(11) NOT NULL,
  `created_at` timestamp NULL DEFAULT NULL,
  `updated_at` timestamp NULL DEFAULT NULL
) ENGINE=InnoDB DEFAULT CHARSET=utf8mb4 COLLATE=utf8mb4_unicode_ci;

--
-- Dumping data untuk tabel `reviews`
--

INSERT INTO `reviews` (`id`, `product_id`, `customer`, `review`, `star`, `created_at`, `updated_at`) VALUES
(1, 7, 'Kevon Hudson', 'Repellat consectetur molestias nulla quae exercitationem in non. Hic nostrum est eaque nesciunt voluptates. Culpa voluptatibus et placeat quis reiciendis ipsum. Hic recusandae ipsum nostrum cupiditate eos error.', 5, '2018-09-02 01:18:38', '2018-09-02 01:18:38'),
(2, 30, 'Karianne Fay', 'Nulla tempore at vel rerum et ut enim. Quae delectus maiores non sunt id. Mollitia esse velit aut atque consequatur. Dolor qui repellat numquam repellat est.', 4, '2018-09-02 01:18:39', '2018-09-02 01:18:39'),
(3, 32, 'Leonardo Auer', 'Aliquam qui reprehenderit architecto modi rerum et quaerat eum. Qui provident molestias aspernatur eius occaecati quibusdam. Ut assumenda maiores et nisi rerum.', 5, '2018-09-02 01:18:39', '2018-09-02 01:18:39'),
(4, 30, 'Miss Clarabelle Zulauf PhD', 'Maxime quae mollitia pariatur sequi ratione. Quidem et pariatur eos ut. Dolor corrupti aut debitis quam.', 2, '2018-09-02 01:18:39', '2018-09-02 01:18:39'),
(5, 20, 'Efren Schowalter', 'Assumenda sint neque architecto eligendi inventore et qui consequatur. Odit voluptate animi natus explicabo fugiat non labore. Ut voluptatem nostrum consequuntur. Voluptas commodi eum pariatur sed optio aperiam eligendi placeat.', 2, '2018-09-02 01:18:39', '2018-09-02 01:18:39'),
(6, 19, 'Prof. Isabell Greenfelder I', 'Occaecati facilis pariatur autem. Alias exercitationem rerum minima vitae. Praesentium consequatur accusamus facilis et voluptatem. Facilis molestiae temporibus dolorem rerum non.', 2, '2018-09-02 01:18:39', '2018-09-02 01:18:39'),
(7, 6, 'Kale Moore', 'Commodi totam non consequatur est. Quae dolorem repellat odit non sed est sunt. Iusto culpa qui voluptas libero dicta.', 0, '2018-09-02 01:18:39', '2018-09-02 01:18:39'),
(8, 44, 'Dr. Eloy Conroy MD', 'Cupiditate aliquid voluptas eos hic doloribus. Est ipsam reiciendis et quod. Velit consequatur magni delectus voluptatem odio et. Debitis et facilis sed impedit nisi.', 2, '2018-09-02 01:18:39', '2018-09-02 01:18:39'),
(9, 22, 'Mr. Wilmer Armstrong MD', 'Et ipsam aperiam ad alias odit eos. Fugit voluptas nulla omnis dolores voluptate voluptate ab. Quos at laboriosam a non.', 2, '2018-09-02 01:18:39', '2018-09-02 01:18:39'),
(10, 49, 'Issac Hodkiewicz', 'Magnam eius dolore assumenda modi. Doloremque distinctio quae unde numquam. Consequatur quasi omnis aut ab molestiae aut soluta.', 0, '2018-09-02 01:18:39', '2018-09-02 01:18:39'),
(11, 8, 'Davion Walsh', 'Accusantium ut architecto quis quibusdam facilis alias. Et cupiditate perspiciatis eius illum velit eum. Ut soluta dolores vel. Quia non aut sit alias non et officiis.', 5, '2018-09-02 01:18:39', '2018-09-02 01:18:39'),
(12, 27, 'Louisa Kunze', 'Voluptatibus facilis quam corrupti quibusdam reprehenderit. Veritatis nihil ut dolorem voluptatum et voluptate. Architecto quia qui voluptatibus corporis autem. Tempore ipsum vitae ut eius nobis voluptas molestiae. Et necessitatibus iure voluptatem esse.', 5, '2018-09-02 01:18:39', '2018-09-02 01:18:39'),
(13, 32, 'Claude Gleichner', 'Architecto atque ex eos nam non et laboriosam error. Doloribus officia in facere maxime quaerat dignissimos fugit occaecati. Ducimus deserunt assumenda nisi eum impedit. Culpa fugiat et odit et.', 1, '2018-09-02 01:18:39', '2018-09-02 01:18:39'),
(14, 47, 'Dana Bogan', 'Alias minima aut sequi suscipit expedita. Rerum eos harum explicabo est molestiae maiores quia vero. In vitae dolor qui aperiam qui omnis natus quo. Natus ducimus et saepe molestiae esse.', 2, '2018-09-02 01:18:39', '2018-09-02 01:18:39'),
(15, 5, 'Louisa Botsford', 'Id consequatur quia corrupti cum et vitae voluptate. Voluptatem rerum cum expedita ut inventore et in sed. Quibusdam asperiores totam perferendis tenetur aut quae quis. Perferendis libero recusandae molestiae quia eius corrupti ut.', 5, '2018-09-02 01:18:39', '2018-09-02 01:18:39'),
(16, 37, 'Eliezer Waters V', 'Omnis libero hic nam et quibusdam corrupti est. Nesciunt est consequuntur aliquam maxime. Suscipit distinctio eos aut voluptate ut ut.', 3, '2018-09-02 01:18:39', '2018-09-02 01:18:39'),
(17, 29, 'Dr. Alisa Reichert IV', 'Culpa placeat velit at quo non accusantium sit. Quisquam ut qui veniam quidem ipsum omnis error. Ab qui pariatur doloribus porro voluptatem ratione molestias.', 5, '2018-09-02 01:18:39', '2018-09-02 01:18:39'),
(18, 26, 'Gay Rowe', 'Voluptas molestiae at quia non. Aspernatur et beatae dolorum quaerat nulla impedit. Eum distinctio autem perferendis architecto aut. Nihil culpa similique ipsum cumque similique. Hic aspernatur cum quae adipisci.', 4, '2018-09-02 01:18:40', '2018-09-02 01:18:40'),
(19, 12, 'Dr. Bart Collins I', 'Consequatur aliquam eos harum fugit aut. Ut iste consequatur fugit. Ipsum est quidem maiores vitae qui. Fuga impedit ullam a corporis et fugiat dolores.', 2, '2018-09-02 01:18:40', '2018-09-02 01:18:40'),
(20, 17, 'Garfield Runte Sr.', 'Facilis soluta cum quidem sunt. Repudiandae minima necessitatibus aut illo voluptatibus culpa dolores. Eos qui quis dolore nulla.', 1, '2018-09-02 01:18:40', '2018-09-02 01:18:40'),
(21, 31, 'Mr. Willy Stroman', 'Consectetur eum et voluptas est. Consequatur consequatur in quasi aut sunt et doloremque. Sit facere nulla facilis minus. Beatae tenetur deleniti est voluptatem.', 2, '2018-09-02 01:18:40', '2018-09-02 01:18:40'),
(22, 5, 'Enrico Christiansen IV', 'Qui dolor est quo nostrum aut omnis iste eligendi. Voluptas voluptas maiores dicta esse et esse. Nulla odio consequatur nisi possimus autem illum.', 5, '2018-09-02 01:18:40', '2018-09-02 01:18:40'),
(23, 40, 'Mrs. Maci Hill DDS', 'Quo culpa quam eius est ab quod. Nam assumenda aut laudantium voluptatem saepe est cum. Earum quis quia commodi rerum et.', 2, '2018-09-02 01:18:40', '2018-09-02 01:18:40'),
(24, 46, 'August Ratke', 'Voluptate in alias sit neque. Illum tempore dignissimos et et enim nihil laborum eos. Cum debitis et reiciendis sapiente sed sapiente.', 2, '2018-09-02 01:18:40', '2018-09-02 01:18:40'),
(25, 41, 'Myles Stanton', 'Eum iste vel corporis reprehenderit nulla reprehenderit earum adipisci. Est asperiores ad aliquid. Voluptas ex quia eum.', 2, '2018-09-02 01:18:40', '2018-09-02 01:18:40'),
(26, 50, 'Abigayle O\'Reilly', 'Et consequatur non est cum dolorem beatae quidem. Aut eos itaque totam. Voluptas non rerum voluptatum quo illum mollitia.', 2, '2018-09-02 01:18:40', '2018-09-02 01:18:40'),
(27, 36, 'Godfrey DuBuque', 'Blanditiis eligendi provident facilis omnis earum quo aspernatur. Itaque aut rerum ut et fugit consequuntur.', 0, '2018-09-02 01:18:40', '2018-09-02 01:18:40'),
(28, 19, 'Mrs. Augustine Kovacek', 'Id quo vero doloribus animi sunt qui. Sed at ipsum doloremque quia et possimus est. Aperiam rerum et maiores eius ut pariatur. Harum eius perferendis nisi eius maiores sit voluptatem.', 4, '2018-09-02 01:18:40', '2018-09-02 01:18:40'),
(29, 13, 'Elda Ullrich Sr.', 'Nulla dolorum ipsa eligendi pariatur iste et quis. Accusamus id qui rem magnam aspernatur.', 5, '2018-09-02 01:18:40', '2018-09-02 01:18:40'),
(30, 18, 'Dr. Carey Stamm Sr.', 'Ad possimus autem aliquid autem quia odio. Quia deserunt qui rerum vitae. Iste minima dicta qui eum.', 4, '2018-09-02 01:18:40', '2018-09-02 01:18:40'),
(31, 14, 'Darron Ziemann', 'Quibusdam asperiores quia fugiat et sit facilis. Cumque sapiente et omnis et minima. Eum rerum repudiandae commodi quidem.', 4, '2018-09-02 01:18:40', '2018-09-02 01:18:40'),
(32, 37, 'Ms. Evalyn Ziemann', 'Fuga porro nam ab placeat. Pariatur placeat aut dolores. Voluptatum rerum nisi esse beatae dolorem corrupti et eius.', 4, '2018-09-02 01:18:40', '2018-09-02 01:18:40'),
(33, 23, 'Claud Durgan', 'Neque expedita excepturi voluptates sint esse. Molestiae nesciunt saepe sint. Eos et ratione animi at perferendis tenetur doloremque.', 5, '2018-09-02 01:18:40', '2018-09-02 01:18:40'),
(34, 46, 'Prof. Kiana Gleason', 'Enim qui ex adipisci animi et a. Qui illo et totam possimus qui consequuntur praesentium. Ut cumque et hic rerum.', 2, '2018-09-02 01:18:40', '2018-09-02 01:18:40'),
(35, 44, 'Mr. Daren Gleason', 'Officiis officiis qui accusamus sunt omnis. Amet iusto quia dicta cum. Omnis architecto at sequi velit. Commodi qui maiores repellendus provident illum nihil.', 5, '2018-09-02 01:18:40', '2018-09-02 01:18:40'),
(36, 18, 'Prof. Destini Wiza', 'Reiciendis ut consequuntur aperiam quis dignissimos quam praesentium deserunt. Recusandae doloribus nobis quis non est accusantium voluptas. Consequatur ut distinctio aliquam. Quasi accusantium sed earum labore.', 1, '2018-09-02 01:18:41', '2018-09-02 01:18:41'),
(37, 11, 'Lina Harvey', 'Debitis dolorem consequuntur minus. Quaerat aliquid sunt aut asperiores quia. Fuga est voluptatem quaerat aliquam vitae iure.', 2, '2018-09-02 01:18:41', '2018-09-02 01:18:41'),
(38, 32, 'Molly Wyman', 'Iusto corporis dolorem ea inventore deleniti doloribus sed. Sint aliquid harum dolorem ut rerum qui. Eos unde est eligendi maiores. Eius labore sunt numquam.', 0, '2018-09-02 01:18:41', '2018-09-02 01:18:41'),
(39, 47, 'Kailyn Braun', 'Dicta voluptas accusamus ut velit tenetur et magnam. Nobis quia magni numquam. Pariatur distinctio magni porro omnis.', 0, '2018-09-02 01:18:41', '2018-09-02 01:18:41'),
(40, 22, 'Mac Cremin', 'Voluptate fugiat aliquam ea mollitia laboriosam. Temporibus sint optio unde placeat quas impedit non. Mollitia quam accusamus ut. Ad vitae enim quidem iure vitae quod. Consequuntur inventore in enim tempora excepturi illum.', 3, '2018-09-02 01:18:41', '2018-09-02 01:18:41'),
(41, 13, 'Tanya McDermott', 'Porro delectus et beatae voluptatibus explicabo incidunt. Ratione incidunt fuga nihil non molestiae cumque.', 0, '2018-09-02 01:18:41', '2018-09-02 01:18:41'),
(42, 40, 'Cruz McGlynn', 'Nemo enim voluptatem sed quia autem possimus sed. Vero cupiditate error est aut consequatur cum eius corporis. Occaecati placeat voluptatem non qui non.', 1, '2018-09-02 01:18:41', '2018-09-02 01:18:41'),
(43, 38, 'Mr. Hector Prosacco MD', 'Ipsum itaque aspernatur maiores molestiae velit illum. Similique nemo dolorum molestiae omnis a consequatur numquam. Aspernatur tempore velit qui harum blanditiis. Id reiciendis ipsa asperiores expedita qui beatae.', 4, '2018-09-02 01:18:41', '2018-09-02 01:18:41'),
(44, 2, 'Halie Schiller V', 'Hic quos necessitatibus aliquam ea. Sunt optio eos non omnis quia dolore. Et non aut fugit veniam eius reiciendis. Dicta ut reprehenderit id est omnis quaerat ex consequatur.', 5, '2018-09-02 01:18:41', '2018-09-02 01:18:41'),
(45, 8, 'Jayson Gutkowski Sr.', 'Aliquam molestiae ut tempora nemo architecto non. Sit ex earum hic. Optio tenetur nobis possimus nihil illum aperiam qui.', 3, '2018-09-02 01:18:41', '2018-09-02 01:18:41'),
(46, 7, 'Gilbert Rosenbaum', 'Esse est veniam praesentium maxime ea qui sapiente. Tempore quo dicta repudiandae eligendi temporibus minus neque. Laborum unde voluptate aut.', 2, '2018-09-02 01:18:41', '2018-09-02 01:18:41'),
(47, 45, 'Hazel Boyle', 'Ipsa voluptatum ut tempore rem nostrum molestias omnis aut. Labore error libero harum doloremque placeat. Laborum voluptatem sit sed quibusdam similique. Sint consectetur et laborum.', 1, '2018-09-02 01:18:41', '2018-09-02 01:18:41'),
(48, 50, 'Dandre Kuvalis', 'Veniam quaerat nihil maxime commodi. Sit quod qui quam ipsum aut. Necessitatibus odit nobis provident exercitationem.', 1, '2018-09-02 01:18:41', '2018-09-02 01:18:41'),
(49, 2, 'Keven Stamm', 'Voluptatem voluptas voluptatem in ut vel. Et hic aspernatur aut consequatur et molestias sint. Omnis rem corporis soluta cumque saepe optio.', 3, '2018-09-02 01:18:41', '2018-09-02 01:18:41'),
(50, 46, 'Tristin Fadel', 'Aut dolore consectetur voluptates voluptas. Consequatur est et voluptates qui dignissimos quia ut. Reiciendis eius autem quibusdam temporibus laboriosam consequatur voluptas ut. Reprehenderit libero ipsam est veritatis eveniet.', 5, '2018-09-02 01:18:41', '2018-09-02 01:18:41'),
(51, 11, 'Moses Mayert III', 'Recusandae ipsum consectetur nostrum magnam. Delectus voluptatem sint atque voluptatem. Laudantium et aut provident est. Impedit aut sit harum inventore nostrum consequuntur placeat.', 4, '2018-09-02 01:18:41', '2018-09-02 01:18:41'),
(52, 24, 'Gavin Olson', 'Voluptatum in magni architecto porro nesciunt cupiditate deleniti natus. Temporibus eos et nisi sed voluptate. Recusandae inventore ut minima inventore. Quidem nostrum ea accusantium est nisi illum enim et.', 1, '2018-09-02 01:18:41', '2018-09-02 01:18:41'),
(53, 28, 'Sonny Swift', 'Molestias qui cumque suscipit quae porro eos velit atque. Nam ratione suscipit quam excepturi fugiat iure. Omnis cumque ipsa modi suscipit eos nihil.', 5, '2018-09-02 01:18:41', '2018-09-02 01:18:41'),
(54, 2, 'Mr. Stephon Purdy MD', 'Non deleniti sunt voluptatem illo deleniti illo fugiat. Ad est officia dolorum dolores necessitatibus ratione. Tempora expedita atque dolor debitis voluptas repudiandae.', 0, '2018-09-02 01:18:41', '2018-09-02 01:18:41'),
(55, 33, 'Bridget Parker', 'Cum laborum non inventore praesentium eum quis. Et enim ipsam vero laboriosam. Quaerat incidunt laudantium rem numquam.', 0, '2018-09-02 01:18:42', '2018-09-02 01:18:42'),
(56, 27, 'Kylie Casper', 'Tempore eligendi rerum assumenda cupiditate quae. Non alias qui consequatur iste quae. Ut error fuga voluptatum.', 1, '2018-09-02 01:18:42', '2018-09-02 01:18:42'),
(57, 4, 'Gardner Kemmer', 'Iure ut consequatur id ad itaque. Animi possimus libero repellat quas ipsa culpa. Voluptatem sint excepturi sed corrupti. Rerum et officiis qui consequuntur et.', 0, '2018-09-02 01:18:42', '2018-09-02 01:18:42'),
(58, 29, 'Godfrey Wisoky', 'Quia a facere et. Et aliquid dolore voluptatem et rerum. Nemo dolorem sed sit itaque.', 2, '2018-09-02 01:18:42', '2018-09-02 01:18:42'),
(59, 8, 'Mr. Hassan Yundt', 'Quo expedita tempora modi eaque ex iure dolores quo. Odit et doloribus dolorem ab perspiciatis et. Modi est rerum ut iure perferendis.', 4, '2018-09-02 01:18:42', '2018-09-02 01:18:42'),
(60, 27, 'Patience Gutmann', 'Doloribus dignissimos non ut velit reprehenderit sequi. Quo culpa quos incidunt quas ducimus rerum. Alias cumque perspiciatis aut. Repudiandae aut tenetur consequuntur occaecati aperiam.', 5, '2018-09-02 01:18:42', '2018-09-02 01:18:42'),
(61, 42, 'Bettie Runolfsdottir', 'Praesentium est saepe ut quas nemo. Ab ut eveniet tempora quidem omnis optio. Consequatur laudantium doloribus totam. Veritatis aut cumque ipsam et nemo incidunt.', 1, '2018-09-02 01:18:42', '2018-09-02 01:18:42'),
(62, 41, 'Corine Haag', 'Exercitationem voluptas velit exercitationem. Maiores et quas quia consequatur autem ipsum. Minima ipsa ad ducimus odit est. Libero ipsa eligendi quas culpa perferendis dicta.', 5, '2018-09-02 01:18:42', '2018-09-02 01:18:42'),
(63, 39, 'Okey Yost', 'Porro velit hic necessitatibus natus id et et. Modi maxime et non est sapiente. Voluptate voluptatem exercitationem recusandae laborum asperiores dolores nam doloremque. Ducimus eum voluptas nihil voluptatibus corrupti.', 2, '2018-09-02 01:18:42', '2018-09-02 01:18:42'),
(64, 44, 'Mrs. Rita Kohler', 'Porro veniam voluptate dolores ut nostrum. Unde enim voluptatem quis rerum. Autem rerum quidem omnis veritatis dolor molestiae. Officiis deleniti reprehenderit et deserunt impedit eos. Enim molestiae nemo temporibus molestias officia quis sapiente.', 0, '2018-09-02 01:18:42', '2018-09-02 01:18:42'),
(65, 49, 'Dr. Aryanna Franecki DDS', 'Minima dolor harum fuga minima cumque eos nobis autem. Cumque unde et quo sit est corporis. Et non aut consectetur velit aut. Illum sunt exercitationem est quia.', 5, '2018-09-02 01:18:42', '2018-09-02 01:18:42'),
(66, 11, 'Ms. Thea Tillman I', 'Quibusdam delectus repellat voluptatem nihil minima aliquid. Eius vero voluptates et quibusdam cupiditate quis dignissimos. Aut est praesentium dolorem ad nostrum. Quia magnam sunt harum et omnis.', 0, '2018-09-02 01:18:42', '2018-09-02 01:18:42'),
(67, 37, 'Elody Kuhn', 'Eligendi accusamus assumenda in fugiat veritatis iste. Magnam sint eum eum delectus dolor aspernatur. Sunt consequatur et cumque veniam qui eaque dolores aut. Beatae sunt dolor voluptate vel est repellendus officiis.', 3, '2018-09-02 01:18:42', '2018-09-02 01:18:42'),
(68, 20, 'Dr. Rosendo Jacobs DDS', 'Amet enim doloribus qui praesentium similique sed. Amet accusamus explicabo et impedit laborum sit animi. Aliquam nulla aperiam ut temporibus. Nam est maxime est.', 0, '2018-09-02 01:18:42', '2018-09-02 01:18:42'),
(69, 42, 'Eve Zemlak', 'Ab quis perferendis qui sapiente sed placeat ut corporis. Voluptatem modi et velit enim est aut fuga. Esse inventore magni et animi. Ea est alias quaerat et et.', 4, '2018-09-02 01:18:42', '2018-09-02 01:18:42'),
(70, 2, 'Madilyn Friesen', 'Qui non voluptas qui quis. Laboriosam omnis dignissimos et rerum nobis ut et quis. Doloremque molestiae optio autem pariatur non vero optio.', 5, '2018-09-02 01:18:42', '2018-09-02 01:18:42'),
(71, 30, 'Mr. Nathanael Rippin PhD', 'Consequatur autem aut commodi delectus voluptatum blanditiis. Incidunt minima aut aut cumque et. Nobis totam laudantium enim delectus. Dignissimos minus dolor pariatur quia ut.', 5, '2018-09-02 01:18:42', '2018-09-02 01:18:42'),
(72, 35, 'Michelle Jast III', 'Tempore consectetur consequatur delectus. Sunt ut nostrum pariatur totam veritatis. Ut ea aspernatur qui debitis perspiciatis sit tenetur. Facilis autem voluptates corrupti.', 4, '2018-09-02 01:18:42', '2018-09-02 01:18:42'),
(73, 48, 'Dr. Lew Okuneva', 'Eum ut ad fugiat est commodi atque. Mollitia error quo delectus libero qui consequuntur eos. Et nihil vel quo facere dolorem aut error.', 3, '2018-09-02 01:18:42', '2018-09-02 01:18:42'),
(74, 48, 'Ms. Yoshiko Padberg IV', 'Et iusto dolorum alias magnam aut quia ut. Sit adipisci praesentium voluptatem quam corporis consectetur. Perferendis nam sit perspiciatis nemo eos. Quidem et deleniti a ab non sit et.', 2, '2018-09-02 01:18:43', '2018-09-02 01:18:43'),
(75, 29, 'Edgardo Erdman', 'Earum eveniet quia aliquid eum doloribus tenetur blanditiis libero. Culpa quo velit rerum voluptatem est tempora. Quam facere voluptatem iure voluptates.', 4, '2018-09-02 01:18:43', '2018-09-02 01:18:43'),
(76, 31, 'Franz Boehm Sr.', 'Aut recusandae qui deleniti praesentium labore illo distinctio. Et consequatur voluptas eos. Eum et velit consectetur.', 3, '2018-09-02 01:18:43', '2018-09-02 01:18:43'),
(77, 34, 'Prof. Eve Schultz', 'Esse eaque nam reprehenderit sed qui. Non omnis qui id. Ex molestias animi velit. Et harum officiis mollitia est aut.', 0, '2018-09-02 01:18:43', '2018-09-02 01:18:43'),
(78, 35, 'Maria Wolf III', 'Assumenda debitis excepturi quia optio aperiam magni ducimus. Consequatur illum ut aut ut aut ullam natus rerum. Quia officiis enim ea dolor numquam libero laudantium.', 1, '2018-09-02 01:18:43', '2018-09-02 01:18:43'),
(79, 4, 'Vilma Dicki', 'Voluptas numquam enim sunt autem ut blanditiis impedit. Velit totam dolor doloremque nesciunt exercitationem dolorum non.', 2, '2018-09-02 01:18:43', '2018-09-02 01:18:43'),
(80, 46, 'Clementine Ebert', 'Aspernatur sit officiis quae animi totam occaecati. Quos deleniti et corporis ut placeat odio. Quas magnam quo sed repellendus. Accusamus corporis molestiae hic dolorem dolor omnis id ipsam. Iusto veritatis quod similique similique quos commodi dolorem.', 3, '2018-09-02 01:18:43', '2018-09-02 01:18:43'),
(81, 10, 'Quinten Terry', 'Totam voluptatibus excepturi illum sint odit quod. Quos eaque sunt rerum qui. Natus consequatur est et rem perferendis ab fugit. Id incidunt nostrum quae fuga.', 2, '2018-09-02 01:18:43', '2018-09-02 01:18:43'),
(82, 19, 'Rubye Moen V', 'Magnam corporis quas quia in officia. Rerum nobis assumenda voluptatum minus. A nihil porro soluta est officia aperiam quo. Saepe ex eius et minima repellendus.', 4, '2018-09-02 01:18:43', '2018-09-02 01:18:43'),
(83, 23, 'Roma Skiles', 'Voluptatem et nam nisi pariatur labore asperiores voluptas tempora. Rerum sit accusantium est provident qui. Vel dolorum sunt reiciendis quaerat similique.', 0, '2018-09-02 01:18:43', '2018-09-02 01:18:43'),
(84, 38, 'Hoyt Skiles', 'Nihil enim fugit quae omnis officiis. Consequatur explicabo nulla velit. Exercitationem fugit aut aut officia est tempora. Ratione voluptatibus repudiandae aut.', 2, '2018-09-02 01:18:43', '2018-09-02 01:18:43'),
(85, 34, 'Miss Orpha Dickinson', 'In molestiae molestiae libero. Nostrum ullam eum ab recusandae. Dolor consectetur reprehenderit ex dolorem et modi.', 1, '2018-09-02 01:18:44', '2018-09-02 01:18:44'),
(86, 19, 'Addison Hegmann', 'Autem reiciendis nihil vel voluptates assumenda. Dicta ut et deserunt et aspernatur accusantium ea. Rerum vel minus natus et.', 0, '2018-09-02 01:18:44', '2018-09-02 01:18:44'),
(87, 8, 'Kari King', 'Eos veritatis sit sed quo blanditiis ut. Quo quia impedit et sed voluptatem. Et dolores vel officia magnam esse ut. Et fugiat ea quo hic nesciunt deleniti.', 5, '2018-09-02 01:18:44', '2018-09-02 01:18:44'),
(88, 30, 'Verner Walter', 'Ab adipisci sequi consequatur eligendi exercitationem excepturi qui ipsum. In dolore blanditiis rerum qui eos atque. Ab et nobis fugit aut.', 0, '2018-09-02 01:18:44', '2018-09-02 01:18:44'),
(89, 7, 'Dr. Braeden Padberg Jr.', 'Culpa tenetur reiciendis aspernatur exercitationem in commodi repellendus. Accusamus sit deleniti culpa asperiores. Est nisi quos voluptatem nisi natus. Iste quidem reiciendis vel ratione iure aperiam accusamus.', 3, '2018-09-02 01:18:44', '2018-09-02 01:18:44'),
(90, 44, 'Mellie Nienow', 'Iusto facere quas sint tempora ullam cum. Dolores pariatur distinctio sequi voluptates voluptatem. Ut aut id distinctio recusandae sapiente quisquam quia. Autem tempora sint repellendus eaque.', 1, '2018-09-02 01:18:44', '2018-09-02 01:18:44'),
(91, 32, 'Liliana Gutmann', 'Maiores ab sapiente incidunt natus porro cupiditate eveniet aut. Nulla atque voluptatum qui. Asperiores autem laudantium sit ut. Nulla voluptas dolor consequatur ipsa sed dolorem eos.', 5, '2018-09-02 01:18:44', '2018-09-02 01:18:44'),
(92, 47, 'Albin Ward', 'Eum eius qui soluta et aut sit deserunt. Soluta cumque est laborum numquam quia aspernatur adipisci. Accusantium omnis deleniti aliquam ipsam unde. Et aperiam sed beatae aut ducimus veniam et.', 0, '2018-09-02 01:18:44', '2018-09-02 01:18:44'),
(93, 8, 'Raymond Romaguera', 'Aut eius ducimus esse explicabo dolore eaque. Rerum harum rem recusandae consequatur quasi est nobis. Alias amet sequi ut voluptate cupiditate illo aut dicta.', 4, '2018-09-02 01:18:44', '2018-09-02 01:18:44'),
(94, 47, 'Esteban Upton', 'Aut eos magni illum dolor omnis quae quia officiis. Et laborum distinctio repudiandae eos natus. Cum ea perferendis aut eius voluptate itaque.', 3, '2018-09-02 01:18:44', '2018-09-02 01:18:44'),
(95, 8, 'Prof. Dandre Waters', 'Praesentium rem harum nihil. Itaque quae quas voluptates dignissimos. Eligendi voluptas consequatur ad dolorem temporibus corrupti.', 2, '2018-09-02 01:18:44', '2018-09-02 01:18:44'),
(96, 45, 'Camilla Vandervort', 'Facere et aut a nam et beatae ut. Quod error voluptatem voluptatem repellat sed id laboriosam. Iusto enim aut dolorem quo et illum deleniti numquam. Excepturi id quos dolor maiores praesentium hic.', 3, '2018-09-02 01:18:44', '2018-09-02 01:18:44'),
(97, 1, 'Emilio Wisoky', 'Voluptas maxime quis officiis corporis est illo. Provident eaque quis accusantium voluptatibus nesciunt aspernatur commodi eaque. Et aliquam qui aperiam doloribus mollitia. Architecto a vero eligendi eum et ipsum ad.', 3, '2018-09-02 01:18:44', '2018-09-02 01:18:44'),
(98, 7, 'Kamren Runolfsdottir', 'Eum laboriosam exercitationem iure ut. Dolorum consequatur iusto alias enim est ducimus. Saepe veniam molestiae aut quaerat qui. Maiores non est quis nemo quas possimus ratione.', 2, '2018-09-02 01:18:44', '2018-09-02 01:18:44'),
(99, 29, 'Mr. Micheal Dooley', 'Voluptatem illo omnis eum aliquid est. Eum provident libero accusamus et facere reiciendis et. Sit beatae quia eum sit blanditiis ut esse consequuntur. Deleniti fugit iure iusto quia mollitia et. Quo est ratione culpa cupiditate quasi recusandae dolores animi.', 1, '2018-09-02 01:18:44', '2018-09-02 01:18:44'),
(100, 12, 'Rosendo Feeney', 'Id facilis labore consequatur. Ut minus explicabo voluptate et modi. Voluptatibus doloribus sint earum qui.', 0, '2018-09-02 01:18:44', '2018-09-02 01:18:44'),
(101, 13, 'Mikayla Koepp', 'Ut dolores nisi aut impedit inventore sapiente. Natus ut dolor eaque vitae adipisci quisquam. Fuga quos qui sapiente praesentium qui hic necessitatibus. Dolorem porro laudantium laboriosam molestiae qui pariatur voluptatem.', 4, '2018-09-02 01:18:44', '2018-09-02 01:18:44'),
(102, 22, 'Jamel Marvin Jr.', 'Qui facere ex deserunt aut nisi doloribus. Sed laboriosam et accusamus omnis voluptates dolor. Laboriosam id ipsum deleniti ad. Laboriosam eos tempora cumque velit dolor est quo sint.', 0, '2018-09-02 01:18:44', '2018-09-02 01:18:44'),
(103, 29, 'Mr. Jaden Feil', 'Eaque similique omnis nobis incidunt sit ut. Nobis architecto pariatur ipsum omnis sed. Explicabo placeat maiores qui ut et.', 4, '2018-09-02 01:18:44', '2018-09-02 01:18:44'),
(104, 19, 'Mrs. Freda Little', 'Asperiores est saepe autem quasi necessitatibus. Ut dignissimos itaque voluptas deserunt culpa. Sapiente quos fuga aspernatur sed dolorum molestias. Dignissimos ea autem quia exercitationem magni.', 4, '2018-09-02 01:18:44', '2018-09-02 01:18:44'),
(105, 13, 'Deontae Farrell', 'Quibusdam laudantium in quo velit dolores officiis. Velit aut tempora suscipit est et non ut. Cum ipsum officia voluptatem ipsa. Sit nostrum sapiente eos minus ea est. Autem enim animi rem.', 1, '2018-09-02 01:18:45', '2018-09-02 01:18:45'),
(106, 32, 'Alec Ryan', 'Quia eaque velit similique unde dolorem. Deleniti est quo sed possimus. Delectus perspiciatis fugiat labore. Rerum et fugiat repellat voluptatem nobis perspiciatis necessitatibus.', 4, '2018-09-02 01:18:45', '2018-09-02 01:18:45'),
(107, 17, 'Brooke Thiel V', 'Dignissimos sed non mollitia quae. Consequuntur tempora rem consequatur perspiciatis voluptatem rerum tempore at.', 0, '2018-09-02 01:18:45', '2018-09-02 01:18:45'),
(108, 47, 'Ms. Bethany Corwin', 'Maxime similique consectetur omnis quaerat vero. Incidunt molestiae molestias ducimus minus. Enim voluptatem sit nesciunt possimus et ea repellat et. Fuga incidunt nesciunt consequatur eligendi nobis voluptatem voluptatem doloremque.', 5, '2018-09-02 01:18:45', '2018-09-02 01:18:45'),
(109, 5, 'Mercedes Hoeger', 'Saepe necessitatibus sint eius et fugiat. Minus minus quos porro eos officiis quidem totam rerum. Magnam aliquid reiciendis dolore id saepe enim illo. Et voluptas et repudiandae nihil quia.', 3, '2018-09-02 01:18:45', '2018-09-02 01:18:45'),
(110, 29, 'Angel Jacobs DVM', 'Sit nesciunt corrupti id sit consequatur. Quo amet est qui nemo voluptatem culpa. Architecto dolores laboriosam ullam.', 4, '2018-09-02 01:18:45', '2018-09-02 01:18:45'),
(111, 8, 'Garret Hessel', 'Ut deserunt voluptas quae temporibus sit facere alias. Architecto laborum sed quo cumque porro et. Et numquam illum quas vero. Quas labore eaque molestiae consectetur nihil consequatur dolorum.', 4, '2018-09-02 01:18:45', '2018-09-02 01:18:45'),
(112, 16, 'Mckenzie Klocko', 'Est rerum officia corporis consequuntur fuga voluptatibus quae. Et eaque laboriosam laboriosam minima magni id culpa quia.', 2, '2018-09-02 01:18:45', '2018-09-02 01:18:45'),
(113, 15, 'Paula McKenzie', 'Eligendi ab illo fugiat iste tempora eaque quibusdam. Sint aut tempora distinctio minus numquam consequatur minus libero. Mollitia recusandae cum molestiae perspiciatis earum nemo enim. A iusto sint facere ut et est illo. Laudantium voluptates at consequatur quia aliquam quidem.', 1, '2018-09-02 01:18:45', '2018-09-02 01:18:45'),
(114, 44, 'Jailyn Hilpert', 'Saepe tempore assumenda neque repudiandae animi saepe sed. Consequuntur deserunt illo adipisci voluptates labore labore. Ea amet numquam quo nulla explicabo nemo ab nobis.', 1, '2018-09-02 01:18:45', '2018-09-02 01:18:45'),
(115, 31, 'Joaquin Collins', 'Et optio ab tempore aut porro. Reiciendis dolore aut ut quisquam vero expedita. Nesciunt quibusdam voluptas odit nihil.', 0, '2018-09-02 01:18:45', '2018-09-02 01:18:45'),
(116, 23, 'Brayan Ruecker', 'Debitis facilis distinctio praesentium eos quasi commodi nihil dolor. Iusto eos fugiat id nulla vitae. Accusamus perferendis est iste quo dolorem. Consectetur eius sit et voluptas perferendis pariatur.', 3, '2018-09-02 01:18:45', '2018-09-02 01:18:45'),
(117, 15, 'Bulah Lueilwitz', 'Distinctio qui ut deleniti dolorum. Iusto beatae corporis cumque repudiandae aliquam quia id occaecati. Architecto temporibus rerum consequuntur sint quia quia laborum. Quas maxime nesciunt aperiam voluptatem illum natus.', 4, '2018-09-02 01:18:45', '2018-09-02 01:18:45'),
(118, 33, 'Erica Bartoletti', 'Culpa et repellendus amet illo. Veniam illo est dolores illum commodi architecto rerum. Ea earum voluptatem consequatur fugiat quia voluptate excepturi. Velit optio nemo commodi ad.', 1, '2018-09-02 01:18:45', '2018-09-02 01:18:45'),
(119, 27, 'Dr. Marlin Steuber', 'Eos nobis quis qui eligendi. Optio consequatur error dolores. Illum sit ut est aut nostrum doloribus.', 1, '2018-09-02 01:18:45', '2018-09-02 01:18:45'),
(120, 18, 'Irma Steuber', 'Nisi ex blanditiis voluptas nostrum minus quasi. Est unde possimus velit deleniti tempora. Ad qui perferendis recusandae nam quia eos earum. Ut velit libero cupiditate enim.', 5, '2018-09-02 01:18:45', '2018-09-02 01:18:45'),
(121, 17, 'Patience Goodwin', 'Sit optio ea occaecati magnam vel. Dignissimos sequi aut eius voluptas qui qui ea. Qui sit tempore autem. Neque quia id fugit sed quia. Voluptates ea est provident.', 5, '2018-09-02 01:18:45', '2018-09-02 01:18:45'),
(122, 9, 'Princess Steuber MD', 'Placeat dolor perferendis nostrum. Est itaque deserunt dolor sed dolorem repellendus autem. Quia quos aliquam deleniti facilis.', 5, '2018-09-02 01:18:45', '2018-09-02 01:18:45'),
(123, 19, 'Ms. Halie Orn', 'Eum et velit hic vitae et. Ut commodi odio harum repudiandae accusantium.', 5, '2018-09-02 01:18:45', '2018-09-02 01:18:45'),
(124, 16, 'Noel Botsford', 'Consequatur et praesentium dolorem hic laudantium. Consequatur ut fugiat qui sequi ipsa natus.', 3, '2018-09-02 01:18:46', '2018-09-02 01:18:46'),
(125, 1, 'Mr. Daryl Skiles', 'Beatae mollitia fugit ad nisi non corporis. Voluptatem aliquid occaecati pariatur iure. Sit doloremque consequuntur ipsam aperiam.', 0, '2018-09-02 01:18:46', '2018-09-02 01:18:46'),
(126, 38, 'Chesley Johnston', 'Id qui et iste porro. Dolorem sit corrupti quam praesentium quasi exercitationem et. Amet repellat numquam voluptatem et.', 0, '2018-09-02 01:18:46', '2018-09-02 01:18:46'),
(127, 33, 'Prof. Sarina Johns', 'Voluptas sint omnis suscipit. Dolor a ut reiciendis. At eaque veniam et officiis magni est id.', 2, '2018-09-02 01:18:46', '2018-09-02 01:18:46'),
(128, 16, 'Duncan Morissette PhD', 'Quia sint nam illum. Est expedita illo optio.', 0, '2018-09-02 01:18:46', '2018-09-02 01:18:46'),
(129, 21, 'Sherwood Conroy', 'Velit vitae voluptatibus rerum mollitia voluptate ducimus aut. Omnis culpa nostrum pariatur dolorem voluptatem. Dolorum necessitatibus vel eligendi ut aperiam sapiente. Et iusto enim rerum dignissimos reiciendis debitis.', 0, '2018-09-02 01:18:46', '2018-09-02 01:18:46'),
(130, 3, 'Rashad Rohan Sr.', 'Dicta architecto distinctio dolores esse officiis pariatur. Placeat esse modi nihil optio. Atque quaerat eos voluptatum veniam.', 2, '2018-09-02 01:18:46', '2018-09-02 01:18:46'),
(131, 37, 'Tabitha Carroll', 'Qui aut quia corporis. Similique aut et dolor aut.', 5, '2018-09-02 01:18:46', '2018-09-02 01:18:46'),
(132, 1, 'Mrs. Millie Schroeder III', 'Aut et culpa fugit et eligendi. Et explicabo id voluptatem soluta sunt animi. Non nulla sed laudantium ipsa. Est neque incidunt nulla.', 2, '2018-09-02 01:18:46', '2018-09-02 01:18:46'),
(133, 15, 'Mohammad Lesch', 'Voluptatum et nihil vel exercitationem. Omnis nam fuga rerum quam qui. Et ut sint maiores ut rerum.', 0, '2018-09-02 01:18:46', '2018-09-02 01:18:46'),
(134, 38, 'Miss Kamille Prohaska', 'Ratione eaque magni id quis nemo. Beatae consequatur nemo quia. Voluptatem asperiores et illum quisquam quibusdam libero rerum vero.', 1, '2018-09-02 01:18:46', '2018-09-02 01:18:46'),
(135, 25, 'Alexys Erdman', 'Veniam sapiente blanditiis fugiat. Aliquid ullam omnis consequatur ut nam. Earum incidunt aut reprehenderit corrupti similique et autem.', 0, '2018-09-02 01:18:46', '2018-09-02 01:18:46'),
(136, 42, 'Angelita Tremblay II', 'Nostrum nostrum est minima laudantium aliquid illo omnis. Autem id consequuntur beatae fugiat quibusdam minus velit. Officia consequatur consequatur molestiae omnis ut earum. Quo quia ut est deleniti voluptas ea. Non saepe recusandae qui et quo qui.', 3, '2018-09-02 01:18:46', '2018-09-02 01:18:46'),
(137, 30, 'Teagan Howe', 'Dignissimos corrupti sint voluptatibus quo est et est. Non deserunt et blanditiis quisquam et vel qui nihil. Corporis ut ex impedit veritatis voluptatem quisquam consectetur.', 2, '2018-09-02 01:18:46', '2018-09-02 01:18:46'),
(138, 19, 'Samara Wiegand', 'Earum assumenda eos dolor sequi aut. Consequatur necessitatibus sed voluptas incidunt. Quis harum ratione fuga quod sed dolorum. Aut dolore repellendus recusandae.', 5, '2018-09-02 01:18:46', '2018-09-02 01:18:46'),
(139, 28, 'Mr. Ambrose Gislason IV', 'Sit et consectetur corrupti et sed quis molestias. Sapiente tenetur quisquam porro possimus ducimus maiores molestias. Nostrum nihil et in quibusdam dolores ea ea. Perferendis consectetur deserunt a eum totam autem voluptatem.', 3, '2018-09-02 01:18:46', '2018-09-02 01:18:46'),
(140, 50, 'Abdiel Powlowski III', 'Eum minima eos odit. Sunt doloribus qui quo ut neque. Et ab voluptatem eius voluptatem velit quia consequatur recusandae.', 4, '2018-09-02 01:18:46', '2018-09-02 01:18:46'),
(141, 50, 'Dr. Hal Brakus II', 'Sed dolor repellendus modi tempora et delectus. Doloribus rerum adipisci deserunt quia facere. Ea laudantium modi nobis voluptatibus et saepe.', 3, '2018-09-02 01:18:46', '2018-09-02 01:18:46'),
(142, 31, 'Reid Donnelly Jr.', 'Aperiam neque consequatur quam aut optio ad. Est iure aut totam provident sed. Reprehenderit ipsa et minima ipsum corrupti illum.', 1, '2018-09-02 01:18:47', '2018-09-02 01:18:47'),
(143, 19, 'Minerva Funk', 'Repellat quo vel exercitationem quo corrupti repellendus. Voluptatum repellendus quam quia repellendus. Ipsam sit in quis et qui quas ut. Eaque labore fugit a consequatur provident enim praesentium in.', 5, '2018-09-02 01:18:47', '2018-09-02 01:18:47'),
(144, 7, 'Mrs. Tanya Toy DVM', 'Qui quisquam nam ut repellat. Hic inventore quae voluptatum est maiores. Qui minus libero in repudiandae voluptates recusandae ut. Inventore nihil et aut aut pariatur fuga.', 4, '2018-09-02 01:18:47', '2018-09-02 01:18:47'),
(145, 8, 'Napoleon Shanahan IV', 'Voluptate consequatur in consectetur qui qui at veritatis. Odit ipsum voluptas magnam est. Ducimus neque pariatur dolore fugiat asperiores.', 3, '2018-09-02 01:18:47', '2018-09-02 01:18:47'),
(146, 11, 'Dr. Dariana Jacobi III', 'Sequi illo nostrum occaecati perspiciatis illo voluptatum. Maiores voluptas qui vero molestiae libero iste sunt. Aut et repudiandae velit asperiores praesentium deserunt.', 2, '2018-09-02 01:18:47', '2018-09-02 01:18:47'),
(147, 50, 'Chaz Zulauf', 'Accusantium rerum sunt et quam. Qui ea officiis ad sunt sequi ut voluptate. Modi id sit sapiente placeat natus.', 2, '2018-09-02 01:18:47', '2018-09-02 01:18:47'),
(148, 3, 'Ahmed Lockman', 'A minus eum et dolores. Maiores a earum blanditiis tenetur sint nulla. Voluptatum numquam quas maxime sint autem velit consequatur.', 1, '2018-09-02 01:18:47', '2018-09-02 01:18:47'),
(149, 15, 'Dr. Bernard Rohan V', 'Ipsum reiciendis vitae sunt nulla. Perspiciatis aperiam libero aut consequatur. Non sint sunt doloribus laborum earum aliquid. Quo earum vero nisi et labore. Quam quod iste eos id.', 5, '2018-09-02 01:18:47', '2018-09-02 01:18:47'),
(150, 39, 'Anahi Collins', 'Sint aut labore dolorem laudantium quia. Provident corporis et quibusdam iste deleniti occaecati. Provident suscipit soluta velit. Minima corporis nihil itaque laboriosam.', 1, '2018-09-02 01:18:47', '2018-09-02 01:18:47'),
(151, 45, 'Eloise Leannon', 'Esse et iste autem ad dolores. Ullam ipsum mollitia officia eum repellat culpa et quas. Tenetur tempore suscipit voluptate vitae. Nisi quia aliquid laborum.', 5, '2018-09-02 01:18:47', '2018-09-02 01:18:47'),
(152, 46, 'Mr. Ariel West', 'Sit assumenda excepturi autem ut consequuntur laboriosam dolorum. Tenetur incidunt aut voluptatem quia eos dignissimos. Quia sunt est mollitia nulla illum sunt pariatur. Non voluptas labore omnis quos consequatur nulla laborum.', 0, '2018-09-02 01:18:47', '2018-09-02 01:18:47'),
(153, 2, 'Jett Reinger', 'Ipsa consectetur veniam est commodi voluptatibus. Incidunt consequatur est laboriosam. Pariatur et sit ab ad et ipsa eveniet exercitationem. Sint occaecati neque autem aliquam et sint quis. Sunt reiciendis totam sint eum.', 2, '2018-09-02 01:18:47', '2018-09-02 01:18:47'),
(154, 35, 'Ervin Farrell', 'Dicta id dolorem fuga dolor qui placeat ut. Eveniet et corporis magni nihil beatae. Distinctio nam numquam et nostrum quis sunt a est.', 2, '2018-09-02 01:18:47', '2018-09-02 01:18:47'),
(155, 4, 'Catherine D\'Amore', 'Animi voluptate facilis debitis eveniet sint temporibus. Qui et ipsam quo non eligendi quibusdam et. Mollitia quam voluptatem rerum expedita autem.', 5, '2018-09-02 01:18:47', '2018-09-02 01:18:47'),
(156, 32, 'Mabel Toy', 'Quod omnis ut illo ipsam architecto nam incidunt et. Deserunt et et ut et aperiam. Numquam est et omnis suscipit id et et et. Quis exercitationem at nostrum incidunt sed.', 1, '2018-09-02 01:18:47', '2018-09-02 01:18:47'),
(157, 41, 'Prof. Edd Ritchie MD', 'Quas sit fugiat quibusdam mollitia odio veritatis distinctio. Aut expedita ipsam aliquid. Qui nobis impedit eum tenetur dolores nulla sit. Sunt ut nostrum similique ut nam repudiandae enim.', 4, '2018-09-02 01:18:47', '2018-09-02 01:18:47'),
(158, 47, 'Edison Zieme', 'Dolore hic nemo delectus fugiat. Nam magnam blanditiis qui ipsa deleniti. Nihil reprehenderit quia nam non corporis reprehenderit doloremque. Earum tenetur occaecati dolorem enim accusantium.', 5, '2018-09-02 01:18:47', '2018-09-02 01:18:47'),
(159, 17, 'Prof. Milo Thompson Jr.', 'Quis et ipsum maiores aut. Sed omnis dolore odit et tempore. Ea quaerat voluptatem sed dolores. Tenetur ut harum aut quas nobis.', 5, '2018-09-02 01:18:48', '2018-09-02 01:18:48'),
(160, 3, 'Gay Schaefer I', 'Minima assumenda ea eum tenetur. Debitis culpa earum magnam odio et minima debitis adipisci. Sequi ut tempore beatae aut quod quia magni. Aut quia velit rerum recusandae enim architecto dolores rem.', 4, '2018-09-02 01:18:48', '2018-09-02 01:18:48'),
(161, 46, 'Eliseo Harris', 'Quisquam eaque laborum aut aut aut aut. Quisquam et velit et eum. Quas beatae dolorum architecto sint. Dolor et ratione sit.', 4, '2018-09-02 01:18:48', '2018-09-02 01:18:48'),
(162, 6, 'Madilyn Durgan', 'Officia facere dolore veritatis voluptatibus commodi. Laudantium sed quia molestias eveniet. Magnam ut et porro ipsa dolore neque in. Reiciendis dolores fugiat id aut.', 5, '2018-09-02 01:18:48', '2018-09-02 01:18:48'),
(163, 5, 'Prof. Dax Wyman IV', 'Voluptatibus dicta provident ea non occaecati consectetur exercitationem. Vel quas aspernatur dolores officiis rerum hic aut. Nam sit doloribus non.', 3, '2018-09-02 01:18:48', '2018-09-02 01:18:48'),
(164, 40, 'Dr. Aliya Schultz', 'Eius eum ut molestiae itaque et nemo pariatur. Reiciendis maxime dolores saepe tempore et debitis saepe. Dolores sapiente fuga nulla quis magni.', 1, '2018-09-02 01:18:48', '2018-09-02 01:18:48'),
(165, 8, 'Prof. Clair Stiedemann MD', 'Ut placeat cupiditate autem ipsam. Nobis velit aut et et accusantium quaerat possimus. Molestiae dolorem quia ut doloribus.', 1, '2018-09-02 01:18:48', '2018-09-02 01:18:48'),
(166, 49, 'Ola Hamill', 'Velit omnis distinctio dignissimos et et eum. Maiores vel labore ipsum laboriosam aspernatur. Cum necessitatibus nostrum laborum.', 2, '2018-09-02 01:18:48', '2018-09-02 01:18:48'),
(167, 9, 'Arlie O\'Reilly', 'Et nemo voluptatem autem neque quidem velit recusandae. Quibusdam enim eos qui odio sed. Mollitia eos necessitatibus sunt earum molestiae.', 2, '2018-09-02 01:18:48', '2018-09-02 01:18:48'),
(168, 15, 'Caitlyn Schulist', 'Saepe a sint nostrum aperiam. Consequatur ut beatae reiciendis. Fugiat excepturi dignissimos excepturi facilis sunt. Et sequi numquam beatae esse dignissimos quo unde.', 1, '2018-09-02 01:18:48', '2018-09-02 01:18:48'),
(169, 28, 'Prof. Emery Bauch I', 'Rerum iste necessitatibus dolores est et. Nihil odio reiciendis quis voluptatum non reprehenderit. Consectetur pariatur est ullam.', 2, '2018-09-02 01:18:48', '2018-09-02 01:18:48'),
(170, 2, 'Chesley Dickens', 'Doloribus quasi sint reiciendis asperiores doloribus eveniet dignissimos. Eos nemo impedit eum aliquid. Rem non sed aut modi sit.', 2, '2018-09-02 01:18:48', '2018-09-02 01:18:48'),
(171, 28, 'Rey Rutherford', 'Nihil ea nostrum quas deserunt asperiores ut suscipit omnis. Minus qui et ipsam voluptatem. Fuga voluptas enim quis optio hic.', 3, '2018-09-02 01:18:48', '2018-09-02 01:18:48'),
(172, 10, 'Shaina Stokes', 'Nobis aut saepe dolorum quia ad neque. Velit porro incidunt voluptas. Possimus tenetur modi ab nihil fuga quia.', 4, '2018-09-02 01:18:48', '2018-09-02 01:18:48'),
(173, 45, 'Freddie Wiegand', 'Quia voluptas in quod necessitatibus quae et velit. Dolor dicta nostrum soluta et. Ut placeat quod dolor. Omnis neque at nihil minima nulla consequatur quis harum.', 1, '2018-09-02 01:18:48', '2018-09-02 01:18:48'),
(174, 46, 'Sanford Boehm', 'Hic quod quia ipsam aliquid error rem totam. Laboriosam velit molestiae impedit id voluptas. Illo atque omnis vel.', 1, '2018-09-02 01:18:48', '2018-09-02 01:18:48'),
(175, 38, 'Elian Hilpert', 'Consequatur pariatur ex similique est. Velit fugit laudantium rem sed. Expedita doloribus quasi numquam et sit. Repudiandae id qui enim ut eveniet ut.', 5, '2018-09-02 01:18:48', '2018-09-02 01:18:48'),
(176, 34, 'Dr. Merle Hermann', 'Est aut illo possimus. Non maiores ut nostrum.', 5, '2018-09-02 01:18:48', '2018-09-02 01:18:48'),
(177, 16, 'Sydni McKenzie', 'Vel et ex a. Quas fuga blanditiis necessitatibus nulla reprehenderit suscipit. Unde unde praesentium perspiciatis officiis aut expedita.', 2, '2018-09-02 01:18:49', '2018-09-02 01:18:49'),
(178, 23, 'Mr. Manuela Cruickshank II', 'Animi eos quo sit laudantium voluptas explicabo. Ab provident est illo. Maiores eos quis rem modi. Omnis sunt in aut culpa omnis.', 3, '2018-09-02 01:18:49', '2018-09-02 01:18:49'),
(179, 49, 'Marielle Schuster', 'Id eligendi soluta dolor quasi vel. Sint enim aut harum quia eos reprehenderit qui. Perferendis qui enim minima aut necessitatibus sint. Neque sint asperiores magnam eum aut iusto asperiores.', 3, '2018-09-02 01:18:49', '2018-09-02 01:18:49'),
(180, 17, 'Ewald Wintheiser', 'Iste et illo laborum voluptas. Voluptatum pariatur consectetur facilis ut omnis. Modi fuga et quas voluptas impedit.', 3, '2018-09-02 01:18:49', '2018-09-02 01:18:49'),
(181, 5, 'Ron Beahan', 'Quae rerum quo tenetur. Itaque et voluptas sint quam voluptatem quas. Dolor dolores sequi dicta. Nobis eveniet similique molestias. Debitis molestiae corrupti nesciunt mollitia sint.', 1, '2018-09-02 01:18:49', '2018-09-02 01:18:49'),
(182, 47, 'Nils Cummerata', 'Repellendus qui ducimus dolor soluta provident laudantium est. Accusantium ut molestiae minima modi nihil. Est quas cupiditate et neque ab.', 0, '2018-09-02 01:18:49', '2018-09-02 01:18:49'),
(183, 23, 'Kaylee Gleason', 'Esse quia non voluptas. Qui minima doloremque autem vel magnam ea veritatis et. Asperiores expedita distinctio expedita soluta modi. Velit sit sint id distinctio.', 0, '2018-09-02 01:18:49', '2018-09-02 01:18:49'),
(184, 13, 'Hailie Lemke', 'Autem debitis vero maxime natus. Reprehenderit consequatur aut nihil voluptas praesentium sed quis. Aut adipisci neque quasi tempora ex quia.', 4, '2018-09-02 01:18:49', '2018-09-02 01:18:49'),
(185, 9, 'Joshuah Reinger', 'Quia sint quis et excepturi. Debitis nostrum animi natus officia quia voluptatem. Omnis eligendi inventore molestiae.', 2, '2018-09-02 01:18:49', '2018-09-02 01:18:49'),
(186, 45, 'Kellie Schamberger DDS', 'Et similique at et soluta reprehenderit et reprehenderit. Consequatur ex dignissimos eveniet in deserunt nesciunt non. Nisi sequi dolorem assumenda cupiditate.', 1, '2018-09-02 01:18:49', '2018-09-02 01:18:49'),
(187, 35, 'Doyle Fadel', 'Reiciendis quia recusandae natus. Similique dolores culpa sunt et debitis. Quaerat quia maxime cum reprehenderit totam et dolor. Cumque reiciendis ea nihil voluptates maxime sit voluptates.', 4, '2018-09-02 01:18:49', '2018-09-02 01:18:49'),
(188, 26, 'Wilfrid Boehm', 'Aliquam ea sit corrupti. Provident fugiat laboriosam tempora et ullam. Dignissimos voluptate repudiandae quo accusantium incidunt voluptate aliquid. Deserunt possimus fuga enim et. Laudantium velit est accusantium repudiandae omnis qui non.', 0, '2018-09-02 01:18:49', '2018-09-02 01:18:49'),
(189, 11, 'Dalton Raynor', 'Quae non voluptatum unde. Incidunt neque atque quia repellendus. Aliquid praesentium aut saepe quaerat quae itaque vero dolores. Mollitia amet qui incidunt sapiente culpa labore.', 5, '2018-09-02 01:18:49', '2018-09-02 01:18:49'),
(190, 7, 'Dr. Jerry Kunze III', 'Soluta dolor quaerat ducimus quis voluptatem excepturi asperiores. Ipsam nihil vitae rerum fugit. Veniam adipisci aliquid enim iure eos illo magni.', 5, '2018-09-02 01:18:49', '2018-09-02 01:18:49'),
(191, 37, 'Lavon Connelly', 'Eaque laborum rerum aut doloremque voluptatem maxime voluptas. Earum consequatur nemo possimus id vel repudiandae doloribus. Eveniet a aspernatur voluptas ullam. Cum corporis quod et ipsam ex dicta minus dolores.', 2, '2018-09-02 01:18:49', '2018-09-02 01:18:49'),
(192, 39, 'Elisabeth Trantow Jr.', 'Nam voluptatem non asperiores neque omnis ut. Neque sapiente alias odio et corrupti sit omnis. Qui autem fuga et deserunt.', 2, '2018-09-02 01:18:50', '2018-09-02 01:18:50'),
(193, 11, 'Dr. Austin Rutherford', 'Fugit quia sapiente incidunt iusto et. Tempora aut quasi quo et consequatur alias. Perferendis praesentium accusamus blanditiis voluptate eum. Omnis molestiae occaecati molestiae eos ex.', 4, '2018-09-02 01:18:50', '2018-09-02 01:18:50'),
(194, 23, 'Gisselle Smitham II', 'Sit possimus ipsum unde vel. Tempora aut et numquam alias laudantium laborum. Accusamus omnis accusantium aliquam qui fugiat vel fugiat.', 2, '2018-09-02 01:18:50', '2018-09-02 01:18:50'),
(195, 32, 'Dr. Josiane Corwin MD', 'Et aut inventore perspiciatis exercitationem quasi. Quidem reiciendis voluptatum ut dolorum. Commodi eveniet dolorem sit cupiditate non ut.', 2, '2018-09-02 01:18:50', '2018-09-02 01:18:50'),
(196, 42, 'Dianna Hagenes', 'Aliquid voluptatem ex veritatis velit dolor quos odit consequuntur. Quas dolores ea molestiae sit impedit fugiat in ut. Delectus nihil aut maxime nam.', 3, '2018-09-02 01:18:50', '2018-09-02 01:18:50'),
(197, 41, 'Mr. Alec Sporer IV', 'Perspiciatis repudiandae quidem voluptas. Dicta non totam sequi aut quam natus suscipit. Quod eum velit dolores laboriosam temporibus ut nisi. Eos distinctio minima ab odio tenetur ad.', 3, '2018-09-02 01:18:50', '2018-09-02 01:18:50'),
(198, 35, 'Dr. Brody Hagenes', 'Velit provident perferendis voluptas laborum voluptas. A id placeat modi inventore. Culpa recusandae odio consequuntur dicta pariatur exercitationem.', 5, '2018-09-02 01:18:50', '2018-09-02 01:18:50'),
(199, 41, 'Winifred Huel', 'Laboriosam quia consequatur sed asperiores ut et quae. Qui ratione aspernatur sapiente vel. Accusamus officia sint similique. Eligendi sint et quaerat aperiam repudiandae eum eum.', 2, '2018-09-02 01:18:50', '2018-09-02 01:18:50'),
(200, 12, 'Lonzo Smitham', 'Vel et aut nisi debitis vel. Omnis eum aut dolorem harum et sunt. Aut aut at recusandae. Natus et voluptas dicta libero ratione aspernatur.', 5, '2018-09-02 01:18:50', '2018-09-02 01:18:50'),
(201, 38, 'Miss Baby Tromp', 'Tenetur ducimus ab impedit dolorem nihil qui debitis. Aut fuga aspernatur architecto. Possimus harum iure et occaecati optio.', 1, '2018-09-02 01:18:50', '2018-09-02 01:18:50'),
(202, 25, 'Walker Willms', 'Ipsam quae voluptates voluptatum dicta mollitia velit. Ducimus fuga voluptates sit est nihil architecto. Magnam tenetur eligendi ratione vitae quia quasi.', 1, '2018-09-02 01:18:50', '2018-09-02 01:18:50'),
(203, 8, 'Dr. Erin Stokes', 'Quia ut voluptas ut non ut. Ab quae eum aut eius.', 0, '2018-09-02 01:18:50', '2018-09-02 01:18:50'),
(204, 20, 'Isom Rosenbaum PhD', 'Inventore hic ut quae quae atque corrupti. Vero non occaecati impedit voluptatem omnis sed quisquam saepe. Rerum eos quis cumque eligendi sapiente. Esse in qui explicabo vel inventore qui. Ut tempore eaque eveniet earum.', 5, '2018-09-02 01:18:50', '2018-09-02 01:18:50'),
(205, 4, 'Dr. Curt Mayert II', 'Nihil cumque laudantium molestiae eligendi pariatur eum nostrum. Sed quis officiis rerum inventore minima rerum velit. Quod ab quis fugit consectetur et est. Ipsum at esse consequatur officia sed et.', 4, '2018-09-02 01:18:50', '2018-09-02 01:18:50'),
(206, 3, 'Danika DuBuque PhD', 'Dolores est voluptatem corrupti nam eos mollitia quia. Voluptas porro rem commodi consequuntur voluptas. Enim impedit perspiciatis deserunt dolorum quam.', 1, '2018-09-02 01:18:50', '2018-09-02 01:18:50'),
(207, 12, 'Miss Alysha Green I', 'Aut odit quas sit numquam. Officia exercitationem at nisi accusamus veniam maiores.', 1, '2018-09-02 01:18:51', '2018-09-02 01:18:51'),
(208, 21, 'Candelario Bergnaum', 'Quo iure eum voluptatibus et. Fugit quia sint quia fuga. Aut maiores deleniti sit.', 5, '2018-09-02 01:18:51', '2018-09-02 01:18:51'),
(209, 17, 'Ronny Bode', 'Nam debitis magni odit. Est qui sunt qui qui architecto et tempora ipsum. Laudantium sint aut quisquam nihil est impedit. Asperiores soluta laborum quia quos possimus.', 1, '2018-09-02 01:18:51', '2018-09-02 01:18:51'),
(210, 45, 'Raven Schuppe', 'Harum eos quia molestiae odio praesentium. Quo nemo est officiis hic et nostrum quo. Dolorem rem officia ab ut et nulla.', 0, '2018-09-02 01:18:51', '2018-09-02 01:18:51');
INSERT INTO `reviews` (`id`, `product_id`, `customer`, `review`, `star`, `created_at`, `updated_at`) VALUES
(211, 7, 'Elise Huel DDS', 'Animi rerum consequuntur aliquid ipsa. Asperiores impedit sunt odit vel sit ratione doloremque.', 4, '2018-09-02 01:18:51', '2018-09-02 01:18:51'),
(212, 5, 'Dr. Coty Corwin', 'Praesentium qui voluptatibus voluptatibus blanditiis a. Sunt nemo est et iure. Et facilis sint dolorem eum accusamus modi. Tenetur assumenda numquam nostrum velit aperiam minus qui.', 2, '2018-09-02 01:18:51', '2018-09-02 01:18:51'),
(213, 36, 'Mr. Johan Sawayn', 'Non eveniet recusandae illum est officia. Quis vero et ducimus labore rerum adipisci ratione. Vitae praesentium tenetur praesentium rerum occaecati aut et quas.', 3, '2018-09-02 01:18:51', '2018-09-02 01:18:51'),
(214, 15, 'Prof. Benjamin Wehner', 'Officiis iure ut rem officiis. Voluptas ut ut quod amet dolores aut. Quia nesciunt ipsam ipsam fuga dicta quo et harum. Quo voluptas quis velit ea recusandae.', 5, '2018-09-02 01:18:51', '2018-09-02 01:18:51'),
(215, 8, 'Demarcus Luettgen', 'Eum consequatur consequatur quos nobis nobis modi ullam. Neque aut error est voluptatem maxime impedit. Facere assumenda rem qui in est beatae saepe.', 4, '2018-09-02 01:18:51', '2018-09-02 01:18:51'),
(216, 30, 'Mr. Rogelio Windler Jr.', 'Sint iste totam eum dolorum architecto. Quae tempore aspernatur beatae. Earum qui quo debitis cupiditate fuga inventore nihil sunt.', 4, '2018-09-02 01:18:51', '2018-09-02 01:18:51'),
(217, 2, 'Herta Schaefer', 'Accusantium fuga laudantium ut maxime voluptas officiis dignissimos. Voluptate voluptatem quis ipsum voluptate aut deserunt. Laudantium incidunt iure dolores earum illo et id.', 2, '2018-09-02 01:18:51', '2018-09-02 01:18:51'),
(218, 16, 'Gabriel Koss', 'Rerum sapiente ipsum voluptatem officia veniam. Numquam quaerat inventore deleniti amet. Quod qui ipsam sit et accusamus odio.', 0, '2018-09-02 01:18:51', '2018-09-02 01:18:51'),
(219, 35, 'Myrtice Mertz', 'Facere optio consequuntur doloremque exercitationem tenetur assumenda odit. Quibusdam consequatur tempora sit rerum nisi aut. Officiis ut enim veritatis quia minus.', 3, '2018-09-02 01:18:51', '2018-09-02 01:18:51'),
(220, 17, 'Mrs. Josiane Emmerich', 'Ipsum dolore voluptatem fuga placeat sit aut consequatur aut. Nihil dicta inventore deserunt autem id. Nobis numquam laudantium impedit atque at vel ipsa. Sapiente et sit et.', 4, '2018-09-02 01:18:51', '2018-09-02 01:18:51'),
(221, 2, 'Mr. Monserrate Walsh MD', 'Sunt maiores aut libero quos qui repellat. Ducimus quia sint enim unde quia quod. Voluptatem vitae et aspernatur odio.', 0, '2018-09-02 01:18:51', '2018-09-02 01:18:51'),
(222, 25, 'Libby Rutherford', 'Repellendus laborum ipsum sed consequatur. Nisi est voluptatibus in odit omnis sequi. Dolor ratione modi voluptatem rem.', 0, '2018-09-02 01:18:51', '2018-09-02 01:18:51'),
(223, 38, 'Trystan Daniel', 'Omnis suscipit expedita molestiae dolorum totam eveniet aut assumenda. Nam quas ipsam quia sed alias. Iste aut est in voluptatem porro sunt. Voluptatum sequi dolor quis cumque magnam minus odit.', 2, '2018-09-02 01:18:51', '2018-09-02 01:18:51'),
(224, 23, 'Brian Rath', 'Eos est aliquid perferendis tempora placeat fuga. Quisquam necessitatibus ut qui. Nulla et omnis nam beatae qui quia est. Cupiditate accusantium in temporibus nam sunt adipisci eaque non.', 1, '2018-09-02 01:18:52', '2018-09-02 01:18:52'),
(225, 30, 'Porter Jacobson', 'Id quibusdam voluptas ut. Ad quo hic ipsum impedit et dolorum enim. Ducimus fugit magnam laboriosam et quis at. Qui ad aut velit voluptatem dolor.', 0, '2018-09-02 01:18:52', '2018-09-02 01:18:52'),
(226, 39, 'Anthony Swift DVM', 'Sit ea assumenda tempora perspiciatis illum quos a aut. Possimus molestiae corporis saepe beatae natus quasi ut. Et quod illum fugiat harum illum voluptatem. Officia et aperiam sed qui alias autem est.', 3, '2018-09-02 01:18:52', '2018-09-02 01:18:52'),
(227, 46, 'Kameron Russel', 'Consequuntur nam ipsa ipsam officiis sed. Ut facere amet voluptas molestiae cumque incidunt dolores accusantium. Molestiae reprehenderit facere commodi possimus reiciendis distinctio vitae.', 1, '2018-09-02 01:18:52', '2018-09-02 01:18:52'),
(228, 49, 'Olen Nicolas', 'Veniam reiciendis distinctio eum veritatis ut sapiente suscipit architecto. Culpa in aut consequatur id tempora in qui. Quo repudiandae voluptates perspiciatis.', 5, '2018-09-02 01:18:52', '2018-09-02 01:18:52'),
(229, 6, 'Ms. Sibyl Thiel', 'Ea ut omnis praesentium possimus atque eos voluptatum. Ex eum hic aut aliquam ut. Quibusdam molestiae explicabo voluptatem non.', 4, '2018-09-02 01:18:52', '2018-09-02 01:18:52'),
(230, 19, 'Carey Cormier', 'Reiciendis totam inventore explicabo omnis ipsa sunt corporis nostrum. Sed voluptas quibusdam et nesciunt accusantium. Quia nulla eos voluptatibus dolorem a. Veniam et maxime numquam laudantium.', 2, '2018-09-02 01:18:52', '2018-09-02 01:18:52'),
(231, 46, 'Victoria Keebler', 'Tempora aut sequi perferendis vel maiores placeat vitae. Et atque deleniti explicabo et. Aliquam saepe et odit ipsa.', 5, '2018-09-02 01:18:52', '2018-09-02 01:18:52'),
(232, 12, 'Ramona Cronin', 'Quasi impedit modi earum assumenda voluptas qui dignissimos. Aperiam beatae non dolorum facere. Explicabo ducimus alias consequatur sed sit.', 2, '2018-09-02 01:18:52', '2018-09-02 01:18:52'),
(233, 13, 'Era Hagenes DVM', 'Atque omnis fugit est. Non aliquid facere et officiis itaque. In odio deserunt sint quia et eveniet sequi. Ab modi nihil dolor quia qui repellat aperiam.', 0, '2018-09-02 01:18:52', '2018-09-02 01:18:52'),
(234, 12, 'Keely Schamberger', 'Laborum eum voluptas consequuntur et suscipit velit sed aperiam. Praesentium qui modi rerum impedit voluptatem assumenda officia ut. Deleniti omnis cum modi. Natus tempore molestiae omnis pariatur dolor.', 0, '2018-09-02 01:18:52', '2018-09-02 01:18:52'),
(235, 30, 'Sedrick Schinner', 'Similique est corporis est id facilis. Rem deserunt dolores ea. Blanditiis magnam porro laudantium aperiam id ut et.', 1, '2018-09-02 01:18:52', '2018-09-02 01:18:52'),
(236, 32, 'Guy Braun', 'Iure asperiores molestiae dolore libero. Possimus consequatur cupiditate velit magnam sed. Incidunt alias sit deserunt ratione.', 3, '2018-09-02 01:18:52', '2018-09-02 01:18:52'),
(237, 20, 'Miss Rosalyn Stracke Sr.', 'Molestiae ex non aspernatur quasi labore cum. Voluptas nemo omnis enim et. Eius at numquam laboriosam laborum. Incidunt et aut pariatur dolore.', 2, '2018-09-02 01:18:52', '2018-09-02 01:18:52'),
(238, 23, 'Claudia Simonis PhD', 'Minima fugit error error asperiores assumenda consequatur. Sapiente deserunt enim eveniet mollitia. Excepturi repudiandae molestiae rem ut ut maiores. Asperiores ipsam similique eveniet velit sint aspernatur.', 0, '2018-09-02 01:18:52', '2018-09-02 01:18:52'),
(239, 42, 'Dr. Jewell Simonis', 'Aperiam voluptas nam non eligendi et nemo. Doloribus dicta repellat tempore et. Omnis et dolor et amet nihil fugit. Accusamus odio voluptas nihil molestiae.', 3, '2018-09-02 01:18:52', '2018-09-02 01:18:52'),
(240, 44, 'Savanna Reilly', 'Dicta doloribus numquam optio et reiciendis doloremque ut. Sunt minus perferendis odio commodi. Dolores dolorum sed beatae quia doloribus commodi debitis.', 3, '2018-09-02 01:18:52', '2018-09-02 01:18:52'),
(241, 34, 'Avery Wyman V', 'Architecto voluptatibus at sed recusandae cum et blanditiis. Eius molestiae nobis libero laboriosam quis et harum sunt. Qui quis delectus laborum temporibus vel autem. Et aut minima magnam veniam nihil non.', 5, '2018-09-02 01:18:53', '2018-09-02 01:18:53'),
(242, 47, 'Cornelius Lowe IV', 'Qui architecto expedita totam. Voluptatum vero esse eveniet at officia nesciunt. Ipsa odio omnis corrupti possimus quis dolores. Praesentium blanditiis mollitia qui veniam.', 5, '2018-09-02 01:18:53', '2018-09-02 01:18:53'),
(243, 35, 'Luis McLaughlin', 'Magnam minus rerum quas rerum. Cupiditate vel ea et itaque qui eligendi sequi. Commodi quis eligendi pariatur ea ducimus voluptas et. Earum nemo ipsam pariatur laudantium quas doloremque error.', 0, '2018-09-02 01:18:53', '2018-09-02 01:18:53'),
(244, 37, 'Jevon Kshlerin', 'Nihil voluptates ullam in harum praesentium. Aut quasi est aut explicabo. Quasi vel est alias praesentium natus in.', 1, '2018-09-02 01:18:53', '2018-09-02 01:18:53'),
(245, 48, 'Mr. Cristobal Kulas MD', 'Dolorum et autem eius dolores qui fugiat iure. Facilis quibusdam blanditiis voluptatem molestiae quis optio. Impedit debitis doloremque facilis explicabo enim.', 0, '2018-09-02 01:18:53', '2018-09-02 01:18:53'),
(246, 15, 'Treva Bartell', 'Cumque voluptates et atque illum voluptas cupiditate sit ipsum. Et et nihil molestiae blanditiis ut. Sunt pariatur rem asperiores ut occaecati.', 3, '2018-09-02 01:18:53', '2018-09-02 01:18:53'),
(247, 29, 'Ima West', 'Et architecto ut soluta at explicabo. Eligendi rem animi saepe quidem dolores. Nulla aut commodi porro iure voluptas animi quam.', 1, '2018-09-02 01:18:53', '2018-09-02 01:18:53'),
(248, 17, 'Dr. Brisa Schulist DDS', 'Maiores ducimus quidem vel sit ab. Magni et et dignissimos natus qui. Eligendi atque sint harum. Dolore explicabo et culpa sed.', 5, '2018-09-02 01:18:53', '2018-09-02 01:18:53'),
(249, 45, 'Ms. Cydney Bednar DVM', 'Autem possimus non facilis inventore. Ea nam fugiat est. Autem sint eos accusantium rerum eveniet ipsam in.', 1, '2018-09-02 01:18:53', '2018-09-02 01:18:53'),
(250, 10, 'Vergie Beier', 'Eum veniam et corporis velit ut aut qui. Eum illum rerum eius quae rerum in. Libero ea hic nulla optio. Eum ipsam et est voluptas et non.', 0, '2018-09-02 01:18:53', '2018-09-02 01:18:53'),
(251, 10, 'Brice Runolfsdottir', 'Quia impedit numquam tenetur. Et enim et ullam reiciendis quasi praesentium. Ducimus quia eum et quibusdam eveniet sed et. Vero mollitia veniam qui rem ea accusamus. Maiores est omnis et error occaecati id consequatur sed.', 2, '2018-09-02 01:18:53', '2018-09-02 01:18:53'),
(252, 38, 'Lucie Schneider', 'Ab libero libero eligendi et odio. Rerum corrupti est quis pariatur et sint voluptatibus. Sint earum quo corrupti debitis voluptates quo. Et nihil sit fugit quos odio fuga.', 3, '2018-09-02 01:18:53', '2018-09-02 01:18:53'),
(253, 13, 'Garrison Kuvalis DDS', 'Natus praesentium suscipit reprehenderit perferendis. Voluptas dolor dolores esse consequatur. Ipsa aliquam et est quas est. Est exercitationem in excepturi nihil nulla.', 2, '2018-09-02 01:18:53', '2018-09-02 01:18:53'),
(254, 40, 'Nella Cummings I', 'Nemo quis voluptas harum qui et ducimus et. Labore laborum delectus et ut doloremque neque et culpa. Non qui voluptatum consequatur eveniet.', 3, '2018-09-02 01:18:53', '2018-09-02 01:18:53'),
(255, 5, 'Baron Kirlin', 'Neque et quaerat a et autem porro voluptatibus. Omnis rem repellendus natus ut. Itaque id qui harum maiores molestiae.', 4, '2018-09-02 01:18:53', '2018-09-02 01:18:53'),
(256, 30, 'Kaya Bednar', 'At molestiae eum ut ut harum. Ad vel sit nostrum quis perferendis sapiente repellat. Enim consequatur cum ipsa harum qui velit. Autem voluptatem voluptas consequatur nisi.', 1, '2018-09-02 01:18:53', '2018-09-02 01:18:53'),
(257, 18, 'Mr. Vladimir Bednar', 'Officia aut ut ut corrupti numquam. Dolor dolorum molestias laudantium aut maxime omnis rerum. Dolor velit recusandae commodi.', 3, '2018-09-02 01:18:54', '2018-09-02 01:18:54'),
(258, 29, 'Prof. Marge Harris I', 'Tenetur vel iure in suscipit. Qui odit ad minus et a occaecati sit. Voluptas officiis et ut similique aut atque quam rerum.', 2, '2018-09-02 01:18:54', '2018-09-02 01:18:54'),
(259, 9, 'Prof. Johnson Graham Sr.', 'Quos harum porro quaerat tempora dolorum dicta. Hic cupiditate sint suscipit maxime animi repellendus. Aliquid tenetur occaecati eius doloremque numquam.', 5, '2018-09-02 01:18:54', '2018-09-02 01:18:54'),
(260, 22, 'Angeline Becker', 'Enim earum sint magnam placeat ut est porro. Harum perspiciatis perferendis maxime sapiente consequatur iusto nihil. Aliquam labore ea dolorem delectus dolore.', 0, '2018-09-02 01:18:54', '2018-09-02 01:18:54'),
(261, 20, 'Dr. Sigurd Weber DDS', 'Dolorum assumenda corrupti id quod qui quis veritatis. Aliquam corrupti ullam praesentium veniam. Qui quidem eius enim. Sunt rerum ipsa et amet.', 2, '2018-09-02 01:18:54', '2018-09-02 01:18:54'),
(262, 1, 'Corene Will', 'Necessitatibus maiores voluptatem voluptatem est pariatur. Quasi ullam nulla voluptate fugit veritatis debitis nesciunt. Deleniti aut ex ut error suscipit dolor. Et architecto non esse omnis.', 3, '2018-09-02 01:18:54', '2018-09-02 01:18:54'),
(263, 2, 'Selena Jaskolski', 'Harum quidem quis deserunt molestiae eum ut natus. Ipsum quo quia ex in corporis. Neque exercitationem temporibus nesciunt ut eaque sit veniam.', 4, '2018-09-02 01:18:54', '2018-09-02 01:18:54'),
(264, 16, 'Laverne Spinka', 'Et iure est est adipisci et. Laborum perspiciatis culpa hic qui. Sit mollitia perferendis sit enim.', 4, '2018-09-02 01:18:54', '2018-09-02 01:18:54'),
(265, 43, 'Mya Tillman MD', 'Voluptatum quo facere minus et aut. Est eum explicabo modi pariatur facere est autem. Vitae rerum fugiat harum eaque voluptatem illum iure error.', 5, '2018-09-02 01:18:54', '2018-09-02 01:18:54'),
(266, 42, 'Mr. Garret Kshlerin', 'Autem qui et explicabo dolorum. Et dignissimos harum est delectus et qui. Ut a consequatur voluptatem impedit aut aut cum impedit.', 2, '2018-09-02 01:18:54', '2018-09-02 01:18:54'),
(267, 30, 'Fredrick Denesik', 'Et sed nihil quae voluptas porro quia. Quae dolor nihil occaecati. Cumque excepturi repellendus eos occaecati sed eos. Aut est asperiores suscipit autem sit.', 3, '2018-09-02 01:18:54', '2018-09-02 01:18:54'),
(268, 12, 'Lafayette Stehr', 'Quod omnis et omnis et sit dolorum eligendi. Quia quae et occaecati illum amet deserunt. Est voluptates cupiditate quia mollitia.', 4, '2018-09-02 01:18:55', '2018-09-02 01:18:55'),
(269, 43, 'Merlin Williamson V', 'Sint tenetur hic numquam optio odit quidem architecto tempore. Possimus eos eum harum est perspiciatis. Nulla voluptas mollitia minima porro. Vitae temporibus quibusdam quo illo quas rerum consequatur atque. Ipsam voluptatibus repellendus dolor aut asperiores perspiciatis excepturi laboriosam.', 4, '2018-09-02 01:18:55', '2018-09-02 01:18:55'),
(270, 32, 'Gisselle Mraz', 'Aut vero non qui modi nesciunt. Molestias nemo labore inventore eum. Soluta quia minima sed quia soluta labore. A sequi expedita itaque pariatur. Reiciendis omnis qui dolor repellat accusantium suscipit.', 4, '2018-09-02 01:18:55', '2018-09-02 01:18:55'),
(271, 42, 'Laverne Koss', 'Necessitatibus inventore aut dolores sint qui. Illo vel facilis magnam accusamus non qui magnam. Veniam est consequatur consequatur ut occaecati. Possimus quidem cumque voluptatem. Et repellendus et harum.', 5, '2018-09-02 01:18:55', '2018-09-02 01:18:55'),
(272, 20, 'Lydia Johnston', 'Hic cumque dicta neque quos eum sit magnam. Non corporis omnis consequatur ut asperiores. Quod suscipit qui dignissimos labore. Aliquam unde pariatur velit delectus.', 3, '2018-09-02 01:18:55', '2018-09-02 01:18:55'),
(273, 33, 'Ms. Freda Hammes IV', 'Culpa autem unde cum dicta amet. Dolorem modi tempore qui in illo cumque corporis ipsum. Inventore illum voluptas est ab impedit voluptatibus.', 2, '2018-09-02 01:18:55', '2018-09-02 01:18:55'),
(274, 25, 'Dr. Emmet Tremblay', 'Nostrum autem ad sit vel quaerat ratione non. Magnam unde eius quis esse enim libero illo. Veritatis perspiciatis consequuntur magnam quis dicta. Consequuntur quos in asperiores minus ex sit.', 3, '2018-09-02 01:18:55', '2018-09-02 01:18:55'),
(275, 41, 'Georgianna Kuhic', 'Dicta delectus quos eos pariatur odit placeat. Quia beatae eligendi et autem possimus est qui. Magni voluptas explicabo nobis maxime odio sapiente saepe. Eius ut et voluptatibus repudiandae autem cumque est deleniti.', 4, '2018-09-02 01:18:55', '2018-09-02 01:18:55'),
(276, 21, 'Prof. Annetta Harvey Jr.', 'Sed eos et minus animi. Illum aut at ut nihil sint velit. Amet vero earum ex suscipit sunt sit. Quo inventore et possimus repudiandae quis.', 0, '2018-09-02 01:18:55', '2018-09-02 01:18:55'),
(277, 48, 'Guido Pollich', 'Voluptates est esse eum ab quam. Porro et sed ullam sed qui rem.', 5, '2018-09-02 01:18:56', '2018-09-02 01:18:56'),
(278, 23, 'Forrest Schmitt', 'Ipsa veniam dolore tempora reprehenderit. Sed nostrum maxime sunt autem quas. Et quibusdam quaerat non alias sint.', 4, '2018-09-02 01:18:56', '2018-09-02 01:18:56'),
(279, 20, 'Cassie Beatty', 'Accusamus sed excepturi aut sequi. Omnis et quibusdam velit. Et qui fugit ut nulla dolor dolore. Sed sed soluta et facere.', 0, '2018-09-02 01:18:56', '2018-09-02 01:18:56'),
(280, 35, 'Dr. Benjamin Bogisich Sr.', 'Harum animi veritatis enim deserunt consequatur. Non recusandae repudiandae et illo aspernatur laudantium perferendis. Pariatur ad omnis porro deserunt. Voluptatem est eos illo velit ipsam expedita. Dicta dolores officia quasi a eum dolorum.', 5, '2018-09-02 01:18:56', '2018-09-02 01:18:56'),
(281, 16, 'Ulices Fay', 'Sed quod quos velit ut. Atque et vel dolores debitis doloribus sit et. Voluptas consequatur quam nostrum facilis mollitia. Beatae consequuntur perspiciatis dolores facere in voluptate est.', 3, '2018-09-02 01:18:56', '2018-09-02 01:18:56'),
(282, 32, 'Muhammad Treutel', 'Magnam assumenda non vitae non et fugiat hic. Cupiditate sapiente sed autem non aut pariatur. Architecto laboriosam repudiandae non perspiciatis rerum eligendi. Iure sint eos sed cum aut et eos sed.', 4, '2018-09-02 01:18:56', '2018-09-02 01:18:56'),
(283, 23, 'Logan Treutel', 'Et sapiente fugiat dolorem et. Voluptas recusandae et expedita totam ea et harum. Est ut atque velit vero voluptatibus nihil.', 4, '2018-09-02 01:18:56', '2018-09-02 01:18:56'),
(284, 11, 'Prof. Coleman Kohler V', 'Commodi qui sit molestiae optio reprehenderit doloremque. Dolorum beatae aperiam occaecati sed sit rem fugiat. Sint maiores culpa consequatur voluptas magni voluptas optio hic. Veritatis ut libero et incidunt alias voluptatem sunt. Error nihil corporis ratione eum fugit molestias qui culpa.', 2, '2018-09-02 01:18:56', '2018-09-02 01:18:56'),
(285, 46, 'Jessica Sauer DVM', 'Temporibus in consequuntur quidem sed sint neque provident dolores. Rerum id reiciendis magni iusto. Nihil quam quisquam inventore qui quisquam nisi quia. Animi consectetur eum dignissimos voluptate cum.', 2, '2018-09-02 01:18:56', '2018-09-02 01:18:56'),
(286, 32, 'Mrs. Carolina Toy', 'Vitae quas reiciendis dignissimos quisquam earum. Voluptatibus voluptatem facilis enim perspiciatis reiciendis dolor. Debitis reiciendis repellendus nisi in dicta nostrum sapiente et.', 3, '2018-09-02 01:18:56', '2018-09-02 01:18:56'),
(287, 23, 'Giovanna Fahey', 'Impedit quisquam qui libero vel ea aut. Sunt sed saepe molestiae sunt. Vitae excepturi animi sunt illum est.', 1, '2018-09-02 01:18:56', '2018-09-02 01:18:56'),
(288, 26, 'Ms. Rebekah Gaylord MD', 'Vel maiores similique sed sed molestiae molestiae consectetur. Quidem dolorum aut id dolor sit. Dolores molestias odit aut quam vitae. Quae numquam recusandae ut quia.', 1, '2018-09-02 01:18:56', '2018-09-02 01:18:56'),
(289, 33, 'Lisette Howe', 'Sint et repellat est rem et repellat omnis. Corrupti vel sapiente eligendi eius. Id delectus molestiae quis nemo consequatur sit ut.', 2, '2018-09-02 01:18:56', '2018-09-02 01:18:56'),
(290, 3, 'Marley Schmidt', 'Maiores et sit error assumenda id ab eum. Aspernatur nihil voluptatem cum aut et voluptatum. Perspiciatis modi a ut molestiae esse dolores. Exercitationem quia modi quidem vel.', 4, '2018-09-02 01:18:57', '2018-09-02 01:18:57'),
(291, 15, 'Mr. Kip Haley', 'Rerum ut non impedit voluptatem autem alias nisi. Similique amet ut rerum saepe consequatur et consectetur. Est recusandae nostrum ipsa nesciunt earum nobis quis a. Qui pariatur dolores modi voluptas minus eveniet.', 2, '2018-09-02 01:18:57', '2018-09-02 01:18:57'),
(292, 32, 'Elisa Flatley', 'Ipsa porro vel eos corrupti laudantium totam. Fugit provident qui qui dolorem. Sunt quod beatae et et consectetur. Voluptatem eveniet voluptatum quam omnis vel.', 1, '2018-09-02 01:18:57', '2018-09-02 01:18:57'),
(293, 9, 'Garland Krajcik MD', 'Amet non voluptatem soluta. Et cupiditate nesciunt a beatae. Odio quis dignissimos molestias consequatur quibusdam.', 0, '2018-09-02 01:18:57', '2018-09-02 01:18:57'),
(294, 18, 'Easton Koch', 'Dolor eum quia in exercitationem molestiae sit. Sint ut eos quia aperiam et et. Labore vel et non delectus. Beatae voluptas quis qui minus laudantium molestiae.', 1, '2018-09-02 01:18:57', '2018-09-02 01:18:57'),
(295, 37, 'Miss Itzel Runte', 'Dolore dolores voluptatem reprehenderit doloremque dolores ut. Voluptas deleniti voluptatem quam architecto culpa. Laborum perferendis aut non praesentium quidem ullam laudantium.', 4, '2018-09-02 01:18:57', '2018-09-02 01:18:57'),
(296, 12, 'Ms. Maud Shanahan IV', 'Qui suscipit sed molestias aliquid quo fugiat est sunt. Commodi possimus nostrum nesciunt molestiae sint ut vitae. Et dolore officiis totam veritatis modi omnis culpa eius.', 4, '2018-09-02 01:18:57', '2018-09-02 01:18:57'),
(297, 43, 'Ms. Lilyan Cronin', 'Unde amet quisquam ipsum dolor dignissimos voluptas. Pariatur et harum eum quasi quia. Voluptas sunt et rerum.', 3, '2018-09-02 01:18:57', '2018-09-02 01:18:57'),
(298, 23, 'Dr. Austen McKenzie', 'Laudantium culpa debitis aspernatur qui et quae aut. Molestiae ex quia reiciendis ut. Quam ea consequatur assumenda ea quis expedita qui. Quod eum unde maiores consequatur.', 5, '2018-09-02 01:18:57', '2018-09-02 01:18:57'),
(299, 21, 'Dr. Amir Wolff', 'Eum a molestiae modi saepe sit dolor. Ab voluptatibus cum rerum eveniet. A et laudantium exercitationem cumque id et. Est consequuntur quaerat temporibus vel suscipit.', 0, '2018-09-02 01:18:57', '2018-09-02 01:18:57'),
(300, 41, 'Anjali Feil Sr.', 'Eum autem fuga amet corrupti. Occaecati nisi autem quia aut. Aut earum quod esse quo vitae. Rerum corrupti explicabo ut natus aperiam accusantium provident. Molestias quisquam deserunt ex.', 1, '2018-09-02 01:18:57', '2018-09-02 01:18:57');

-- --------------------------------------------------------

--
-- Struktur dari tabel `users`
--

CREATE TABLE `users` (
  `id` int(10) UNSIGNED NOT NULL,
  `name` varchar(191) COLLATE utf8mb4_unicode_ci NOT NULL,
  `email` varchar(191) COLLATE utf8mb4_unicode_ci NOT NULL,
  `password` varchar(191) COLLATE utf8mb4_unicode_ci NOT NULL,
  `remember_token` varchar(100) COLLATE utf8mb4_unicode_ci DEFAULT NULL,
  `created_at` timestamp NULL DEFAULT NULL,
  `updated_at` timestamp NULL DEFAULT NULL
) ENGINE=InnoDB DEFAULT CHARSET=utf8mb4 COLLATE=utf8mb4_unicode_ci;

--
-- Indexes for dumped tables
--

--
-- Indeks untuk tabel `migrations`
--
ALTER TABLE `migrations`
  ADD PRIMARY KEY (`id`);

--
-- Indeks untuk tabel `password_resets`
--
ALTER TABLE `password_resets`
  ADD KEY `password_resets_email_index` (`email`);

--
-- Indeks untuk tabel `products`
--
ALTER TABLE `products`
  ADD PRIMARY KEY (`id`);

--
-- Indeks untuk tabel `reviews`
--
ALTER TABLE `reviews`
  ADD PRIMARY KEY (`id`),
  ADD KEY `reviews_product_id_index` (`product_id`);

--
-- Indeks untuk tabel `users`
--
ALTER TABLE `users`
  ADD PRIMARY KEY (`id`),
  ADD UNIQUE KEY `users_email_unique` (`email`);

--
-- AUTO_INCREMENT untuk tabel yang dibuang
--

--
-- AUTO_INCREMENT untuk tabel `migrations`
--
ALTER TABLE `migrations`
  MODIFY `id` int(10) UNSIGNED NOT NULL AUTO_INCREMENT, AUTO_INCREMENT=5;

--
-- AUTO_INCREMENT untuk tabel `products`
--
ALTER TABLE `products`
  MODIFY `id` int(10) UNSIGNED NOT NULL AUTO_INCREMENT, AUTO_INCREMENT=51;

--
-- AUTO_INCREMENT untuk tabel `reviews`
--
ALTER TABLE `reviews`
  MODIFY `id` int(10) UNSIGNED NOT NULL AUTO_INCREMENT, AUTO_INCREMENT=301;

--
-- AUTO_INCREMENT untuk tabel `users`
--
ALTER TABLE `users`
  MODIFY `id` int(10) UNSIGNED NOT NULL AUTO_INCREMENT;

--
-- Ketidakleluasaan untuk tabel pelimpahan (Dumped Tables)
--

--
-- Ketidakleluasaan untuk tabel `reviews`
--
ALTER TABLE `reviews`
  ADD CONSTRAINT `reviews_product_id_foreign` FOREIGN KEY (`product_id`) REFERENCES `products` (`id`) ON DELETE CASCADE;
COMMIT;

/*!40101 SET CHARACTER_SET_CLIENT=@OLD_CHARACTER_SET_CLIENT */;
/*!40101 SET CHARACTER_SET_RESULTS=@OLD_CHARACTER_SET_RESULTS */;
/*!40101 SET COLLATION_CONNECTION=@OLD_COLLATION_CONNECTION */;
